ID,Source,Default branch,XML launch files,Py launch files,Language,Issues (total),Open issues,Closed issues,PR (total),Open PRs,Closed PRs,Commits,Branches,Releases,Contributors,Description,URL,Categorized by,Batch,Included,Violated criterion,Scope,System type 1,System type 2,System type 3,Capability 1,Capability 2,Capability 3,SA documented,SA documentation,Notes
_Luc_/hand_control,bitbucket,master,3,0,c++,0,0,0,1,1,0,283,2,,7," ROS package to control a ""Parrot AR Drone"" with the hand movements measured by a Microsoft Kinect sensor.

Contr√¥le de l‚Äôinclinaison d‚Äôun drone ¬´ Parrot AR ¬ª par celle d‚Äôune main film√©e par une Kinect, √† l‚Äôaide de ROS.
Projet de fin de premi√®re ann√©e d‚Äôun trin√¥me d‚Äô√©l√®ves de CentraleSup√©lec Metz.",https://bitbucket.org/_Luc_/hand_control,Ivano,1,YES,,FULL_SYSTEM,Aerial,,,FULL,,,NO,,
aau-ros/aau_multi_robot,github,master,19,0,C++,10,6,4,6,1,5,102,9,9,13,Multi-robot exploration by Alpen-Adria-Universit√§t Klagenfurt,https://github.com/aau-ros/aau_multi_robot,Ivano,1,YES,,FULL_SYSTEM,Ground,,,FULL,,,NO,,"Developed by university, but no further documentation is available."
acl-mit/rvo_path_planner,bitbucket,master,7,0,c++,0,0,0,1,1,0,191,10,,5,The ROS package rvo_path_planner.,https://bitbucket.org/acl-mit/rvo_path_planner,Ivano,1,YES,,SUBSYSTEM,Aerial,,,Planning,,,NO,,
AcutronicRobotics/moveit2,github,master,52,1,C++,27,4,23,77,1,76,7611,88,2,233,The MoveIt 2 Motion Planning Framework for ROS 2.0,https://github.com/AcutronicRobotics/moveit2,Ivano,1,YES,,SUBSYSTEM,Manu,,,Control,Planning,Navigation,YES,https://moveit.ros.org/documentation/concepts/,
ahornung/humanoid_navigation,github,indigo-devel,14,0,C++,6,3,3,12,1,11,297,7,5,7,ROS stack with footstep planning and localization for humanoid robots: http://wiki.ros.org/humanoid_navigation,https://github.com/ahornung/humanoid_navigation,Ivano,1,YES,,SUBSYSTEM,Humanoid ,,,Planning,Localization,,NO,,
airalab/robonomics_comm,github,master,7,0,Python,56,4,52,58,0,58,280,2,8,9,Robonomics communication package stack for ROS-enabled cyber-physical systems.,https://github.com/airalab/robonomics_comm,Ivano,1,YES,,SUBSYSTEM,GEN,,,Integration,,,NO,,Adapter for enabling Ethereum-based transactions in robotics 
AIS-Bonn/nimbro_network,github,master,13,0,C++,4,1,3,7,2,5,243,3,0,15,ROS network stack: Topic/service transport over unreliable network connections,https://github.com/AIS-Bonn/nimbro_network,Ivano,1,YES,,SUBSYSTEM,GEN,,,Integration,,,NO,,
AlexisTM/flyingros,github,master,25,0,Python,4,0,4,0,0,0,325,2,0,2,Flying Robot Operating System is designed to be the open source implementation example for your DIY drone.,https://github.com/AlexisTM/flyingros,Ivano,1,YES,,FULL_SYSTEM,Aerial,,,FULL,,,PARTIALLY,https://github.com/AlexisTM/flyingros/blob/master/PROJECT_ARCHITECTURE.MD,
AndyZe/pid,bitbucket,master,3,0,c++,16,8,8,9,9,0,118,3,,7,A PID controller for ROS.,https://bitbucket.org/AndyZe/pid,Ivano,1,YES,,SUBSYSTEM,GEN,,,Control,,,NO,,Very small project
ANYbotics/elevation_mapping,github,master,5,0,C++,56,29,27,50,8,42,405,25,10,29,Robot-centric elevation mapping for rough terrain navigation,https://github.com/ANYbotics/elevation_mapping,Ivano,1,YES,,SUBSYSTEM,Ground,,,Navigation,Mapping,,YES,https://github.com/ANYbotics/elevation_mapping,
at-wat/mcl_3dl,github,master,7,0,C++,67,17,50,163,0,163,201,3,5,3,A ROS node to perform a probabilistic 3-D/6-DOF localization system for mobile robots with 3-D LIDAR(s). It implements pointcloud based Monte Carlo localization that uses a reference pointcloud as a map.,https://github.com/at-wat/mcl_3dl,Ivano,1,YES,,SUBSYSTEM,Ground,,,Localization,,,YES,https://github.com/at-wat/mcl_3dl,
at-wat/neonavigation,github,master,17,0,C++,88,22,66,228,3,225,406,7,7,10,A 2-D/3-DOF seamless global/local mobile robot motion planner package for ROS,https://github.com/at-wat/neonavigation,Ivano,1,YES,,SUBSYSTEM,Ground,,,Navigation,,,YES,http://frl.niche.tohoku.ac.jp/pdf/2016-SSRR-AWD1-online.pdf,
auengagroactu_sens/dji_matrice100_onboard_sdk_ros,bitbucket,3.1,6,0,NA,0,0,0,0,0,0,180,2,,15,,https://bitbucket.org/auengagroactu_sens/dji_matrice100_onboard_sdk_ros,Ivano,1,YES,,FULL_SYSTEM,Aerial,,,FULL,,,PARTIALLY,https://bitbucket.org/auengagroactu_sens/dji_matrice100_onboard_sdk_ros/src/3.1/dji_sdk_doc/Appendix.md,Full stack of DJI drone
austin-robot/utexas-art-ros-pkg,github,master,36,0,C++,3,3,0,0,0,0,971,2,0,11,ROS packages for UTexas and Austin Robot Technology driverless car,https://github.com/austin-robot/utexas-art-ros-pkg,Ivano,1,YES,,FULL_SYSTEM,Selfdriving_car,,,FULL,,,PARTIALLY,https://github.com/austin-robot/utexas-art-ros-pkg,Full stack of self-driving car
autonohm/ohm_tsd_slam,github,master,3,0,C++,3,2,1,16,0,16,224,13,3,12,SLAM approach based on truncated signed distance transform,https://github.com/autonohm/ohm_tsd_slam,Ivano,1,YES,,SUBSYSTEM,GEN,,,Slam,,,NO,,
AutonomyLab/ardrone_autonomy,github,indigo-devel,3,0,C,177,48,129,49,5,44,296,15,10,16,ROS driver for Parrot AR-Drone 1.0 and 2.0 quadrocopters,https://github.com/AutonomyLab/ardrone_autonomy,Ivano,1,YES,,FULL_SYSTEM,Aerial,,,FULL,,,PARTIALLY,https://ardrone-autonomy.readthedocs.io/en/latest/commands.html,
AutonomyLab/bebop_autonomy,github,indigo-devel,6,0,C++,146,70,76,49,16,33,159,9,9,9,ROS driver for Parrot Bebop Drones 1.0 & 2.0,https://github.com/AutonomyLab/bebop_autonomy,Ivano,1,YES,,FULL_SYSTEM,Aerial,,,FULL,,,PARTIALLY,https://bebop-autonomy.readthedocs.io/en/latest/piloting.html,
AutonomyLab/create_autonomy,github,indigo-devel,7,0,C++,37,14,23,22,3,19,137,6,9,7,ROS driver for iRobot Create 1 and 2.,https://github.com/AutonomyLab/create_autonomy,Ivano,1,YES,,FULL_SYSTEM,Service,,,FULL,,,YES,https://github.com/AutonomyLab/create_autonomy,
AutoRally/autorally,github,kinetic-devel,41,0,C++,47,14,33,33,1,32,561,35,11,37,Software for the AutoRally platform,https://github.com/AutoRally/autorally,Ivano,1,YES,,FULL_SYSTEM,Selfdriving_car,,,FULL,,,YES,https://ieeexplore.ieee.org/abstract/document/8616931,
autowarefoundation/autoware,github,master,249,0,C++,983,214,769,1316,45,1271,3499,134,22,100,Open-source software for self-driving vehicles,https://github.com/autowarefoundation/autoware,Ivano,1,YES,,FULL_SYSTEM,Selfdriving_car,,,FULL,,,PARTIALLY,https://gitlab.com/autowarefoundation/autoware.ai/autoware/wikis/Overview,"There is a newer repository for this project (see https://www.autoware.ai/), but all commits, issues, and pull requests are still in the original one. This is why are considering the old repository."
AUV-IITK/Anahita,github,master,20,0,C++,17,5,12,44,0,44,463,3,0,11,Repository for software behind the 2nd Vehicle of team AUV-IITK,https://github.com/AUV-IITK/Anahita,Ivano,1,YES,,FULL_SYSTEM,Underwater,,,FULL,,,NO,,
AUV-IITK/Varun-Software,github,master,18,0,C++,60,0,60,167,0,167,826,4,0,19,Documentation at http://auv-iitk.github.io/auv2016/,https://github.com/AUV-IITK/Varun-Software,Ivano,1,YES,,FULL_SYSTEM,Underwater,,,FULL,,,NO,,
b-it-bots/mas_domestic_robotics,github,kinetic,58,0,Python,80,39,41,110,4,106,1281,10,9,35,Robot-independent ROS packages for domestic applications,https://github.com/b-it-bots/mas_domestic_robotics,Ivano,1,YES,,SUBSYSTEM,GEN,,,Planning,Navigation,Sensing,PARTIALLY,https://github.com/b-it-bots/mas_domestic_robotics,
bayesian-object-tracking/dbot_ros,github,master,6,0,C++,8,2,6,2,1,1,676,4,2,11,ROS package of Depth-Based Bayesian Object Tracking,https://github.com/bayesian-object-tracking/dbot_ros,Ivano,1,YES,,SUBSYSTEM,GEN,,,Vision,,,NO,,
bcharrow/scarab,github,master,15,0,C++,0,0,0,4,1,3,194,6,1,4,ROS code for UPenn's scarab robot,https://github.com/bcharrow/scarab,Ivano,1,YES,,FULL_SYSTEM,Ground,,,FULL,,,NO,,
BCLab-UNM/SwarmBaseCode-ROS,github,master,3,0,C++,99,16,83,157,6,151,1555,58,59,28,The base code provided to teams participating in NASA Swarmathon IV.,https://github.com/BCLab-UNM/SwarmBaseCode-ROS,Ivano,1,YES,,FULL_SYSTEM,Ground,,,FULL,,,NO,,
berkeleyopenarms/blue_core,github,master,13,0,C++,5,1,4,64,7,57,540,33,0,13,The Blue stack provides all the basic software for running and using a Blue robot arm,https://github.com/berkeleyopenarms/blue_core,Ivano,1,YES,,FULL_SYSTEM,Manu,,,FULL,,,NO,,
Bichette09/imaginarium,github,master,19,0,C++,0,0,0,0,0,0,246,2,0,7,Robotic projects based on RaspberryPi and ros,https://github.com/Bichette09/imaginarium,Ivano,1,YES,,FULL_SYSTEM,Ground,,,FULL,,,NO,,
billieblaze/ROS_Rover_addons,github,master,4,0,C++,0,0,0,0,0,0,104,2,0,5,ROS addons and realtime web app for my Navio2 Based rover,https://github.com/billieblaze/ROS_Rover_addons,Ivano,1,YES,,FULL_SYSTEM,Aerial,,,FULL,,,NO,,
bk8190/bk-ros,github,master,14,0,Python,0,0,0,0,0,0,343,2,3,3,,https://github.com/bk8190/bk-ros,Ivano,1,YES,,SUBSYSTEM,GEN,,,Vision,,,NO,,
bluesat/owr_software,github,master,56,0,C++,74,34,40,62,6,56,1382,62,3,50,BLUEsat Off World Robotics Rover Backend,https://github.com/bluesat/owr_software,Ivano,1,YES,,FULL_SYSTEM,Ground,,,FULL,,,PARTIALLY,https://bluesat.atlassian.net/wiki/spaces/OWRT/pages/1770069/Software+Module+Overview,Space rover
byu-magicc/roscopter,github,master,5,0,C++,19,6,13,20,0,20,183,15,0,19,"*Under Development* - A fully-featured multirotor autopilot for ROS, based on Dr. Beard's Quadrotor Notes",https://github.com/byu-magicc/roscopter,Ivano,1,YES,,SUBSYSTEM,Aerial,,,Control,Navigation,,NO,,
byu-magicc/rosplane,github,RC1.0,3,0,C++,27,7,20,41,2,39,192,10,0,20,"A basic fixed-wing autopilot for ROS - based on the textbook ""Small Unmanned Aircraft: Theory and Practice"" by Randy Beard and Tim McLain",https://github.com/byu-magicc/rosplane,Ivano,1,YES,,SUBSYSTEM,Aerial,,,Control,Navigation,,PARTIALLY,https://github.com/byu-magicc/rosplane https://par.nsf.gov/servlets/purl/10053368,
CalPolyRobotics/IGVC-ROS,github,master,25,0,C++,16,12,4,7,0,7,185,7,1,18,ROS implementation to be running on the actual autonomous vehicle.,https://github.com/CalPolyRobotics/IGVC-ROS,Ivano,1,YES,,FULL_SYSTEM,Selfdriving_car,,,FULL,,,NO,,
cbandera/rosparam_handler,github,develop,2,0,Python,22,5,17,43,2,41,140,4,4,14,An easy wrapper for using parameters in ROS,https://github.com/cbandera/rosparam_handler,Grace,1,YES,,SUBSYSTEM,GEN,,,Integration,DevSupport,,NO,,
cedricpradalier/ros_task_manager,github,master,11,0,C++,1,0,1,2,1,1,132,6,0,9,Generic Task Manager for ROS,https://github.com/cedricpradalier/ros_task_manager,Grace,1,YES,,SUBSYSTEM,GEN,,,Infrastructural,DevSupport,,NO,,
chrisl8/ArloBot,github,new-serial-interface,60,0,Python,23,3,20,17,0,17,909,6,3,9,ROS Package for a Parallax ArloBot based off of Turtlebot code,https://github.com/chrisl8/ArloBot,Grace,1,YES,,FULL_SYSTEM,Ground,,,FULL,,,NO,,
CopterExpress/clever,github,master,11,0,C++,23,1,22,103,3,100,2046,14,32,32,"Software, RPi image and docs for CLEVER drone kit",https://github.com/CopterExpress/clever,Grace,1,YES,,FULL_SYSTEM,Aerial,,,FULL,,,NO,,
corobotics/corobot-kinetic,github,master,7,0,C++,1,1,0,0,0,0,147,2,0,12,"Main corobot code, refactored for ROS Kinetic",https://github.com/corobotics/corobot-kinetic,Grace,1,YES,,FULL_SYSTEM,Ground,,,FULL,,,NO,,
corot/world_canvas,github,master,4,0,Python,44,12,32,5,0,5,123,2,1,6,"ROS framework for storing and accessing semantic information about the world, with an initial emphasis on needs and use cases for mobile robots.",https://github.com/corot/world_canvas,Grace,1,YES,,SUBSYSTEM,GEN,,,Infrastructural,,,NO,,
cpaxton/costar_stack,github,master,77,0,C++,54,15,39,80,3,77,1949,6,24,14,"Integrated ROS capabilities for planning, predicate inference, gripper control, and perception for use with the KUKA LBR IIWA and Universal Robots.",https://github.com/cpaxton/costar_stack,Grace,1,YES,,SUBSYSTEM,GEN,,,Control,,,NO,,CoSTAR is an end-user interface for authoring robot task plans
cra-ros-pkg/robot_localization,github,melodic-devel,20,0,C++,201,26,175,265,1,264,901,13,59,42,"robot_localization is a package of nonlinear state estimation nodes. The package was developed by Charles River Analytics, Inc. Please ask questions on answers.ros.org.",https://github.com/cra-ros-pkg/robot_localization,Grace,1,YES,,SUBSYSTEM,Ground,,,Mapping,Localization,,YES,http://docs.ros.org/melodic/api/robot_localization/html/index.html,
craftit/DogBotSoftware,github,master,10,0,C,0,0,0,2,0,2,369,7,0,3,"DogBot API, ROS interface and firmware",https://github.com/craftit/DogBotSoftware,Grace,1,YES,,FULL_SYSTEM,Ground,,,FULL,,,NO,,
dfki-ric/mir_robot,github,melodic,18,0,Python,20,3,17,9,0,9,114,5,5,5,ROS support for the MiR100 Robot,https://github.com/dfki-ric/mir_robot,Grace,1,YES,,FULL_SYSTEM,Ground,,,FULL,,,NO,,
dji-sdk/Onboard-SDK-ROS,github,3.8,1,0,C++,235,92,143,34,14,20,254,10,26,28,Official ROS packages for DJI onboard SDK. ,https://github.com/dji-sdk/Onboard-SDK-ROS,Grace,1,YES,,FULL_SYSTEM,Aerial,,,FULL,,,YES,http://wiki.ros.org/dji_sdk,
doosan-robotics/doosan-robot,github,master,136,0,C++,9,0,9,6,0,6,147,4,6,5,ROS for Doosan Robot,https://github.com/doosan-robotics/doosan-robot,Bradley,1,YES,,FULL_SYSTEM,Manu,,,FULL,,,NO,,
DrawZeroPoint/drv_package_v2,github,master,9,0,C++,0,0,0,1,0,1,233,3,3,3,Robot Vision System based on ROS and Deep Learning technology,https://github.com/DrawZeroPoint/drv_package_v2,Bradley,1,YES,,SUBSYSTEM,Humanoid ,,,Sensing,,,NO,,"Humanoid, but only head"
duckietown/Software,github,master19,288,0,Python,75,19,56,358,2,356,5945,483,26,161,"This repository contains all the software that runs on the Duckiebot, as well as support files (e.g. maps), plus hardware schematics.",https://github.com/duckietown/Software,Bradley,1,YES,,FULL_SYSTEM,Ground,,,FULL,,,YES,https://docs.duckietown.org/DT18/software_devel/out/autoid_DO_NOT_USE_THIS_VERY_UNSTABLE_LINK_5f3ae1fc_109.html,
dxydas/ros-bioloid,github,master,37,0,C++,2,0,2,1,0,1,117,3,0,3,Code and config files for a customised Bioloid robot based on the ROS platform.,https://github.com/dxydas/ros-bioloid,Bradley,1,YES,,FULL_SYSTEM,Ground,,,FULL,,,YES,https://dxydas.com/category/robotics/bioloid-project/,
dynMapMaster/mir_layered_costmap,github,master,14,0,C++,0,0,0,0,0,0,160,9,0,5,Port of the costmap_2d package from the navigation stack in ROS Indigo.,https://github.com/dynMapMaster/mir_layered_costmap,Bradley,1,YES,,SUBSYSTEM,GEN,,,Navigation,,,NO,,A port of the navigation subsystem for MIR robots
eborghi10/my_ROS_mobile_robot,github,master,8,0,C++,3,2,1,1,0,1,128,4,0,2,Differential drive mobile robot using ROS.,https://github.com/eborghi10/my_ROS_mobile_robot,Bradley,1,YES,,FULL_SYSTEM,Ground,,,FULL,,,NO,,
edinferno/edinferno,github,dev,5,0,C++,32,17,15,84,0,84,468,17,1,12,Rewrite of Edinferno's codebase using ROS,https://github.com/edinferno/edinferno,Bradley,1,YES,,FULL_SYSTEM,Humanoid ,,,FULL,,,PARTIALLY,https://www.semanticscholar.org/paper/Team-Edinferno-Description-Paper-for-RoboCup-2011-Ramamoorthy-Valtazanos/f4c0e8c33f8934f555972371267d1f8ad9392b16,
ekumenlabs/tangobot,github,master,2,0,Java,81,38,43,49,0,49,157,4,3,3,Android app to navigate using Tango services as input.,https://github.com/ekumenlabs/tangobot,Bradley,1,YES,,SUBSYSTEM,Ground,,,Integration,,,NO,,
elggem/ros_people_model,github,master,3,0,Python,0,0,0,6,0,6,157,2,5,4,ROS package for visual perception of people and associated attributes.,https://github.com/elggem/ros_people_model,Bradley,1,YES,,SUBSYSTEM,GEN,,,Vision,,,YES,https://github.com/elggem/ros_people_model,DNN implementation for emotion recognition for social robots
elggem/tensorflow_node,github,master,2,0,Python,1,0,1,6,0,6,169,4,1,2,Tensorflow based ROS node for evaluating deep learning algorithms.,https://github.com/elggem/tensorflow_node,Bradley,1,YES,,SUBSYSTEM,GEN,,,Infrastructural,,,NO,,Integrates with TensorFlow for help with the above repo
elpimous/Neo_robot,github,master,176,0,C++,0,0,0,0,0,0,135,2,0,3,"ros nodes for QBO robot, from THE CORPORA firm",https://github.com/elpimous/Neo_robot,Bradley,1,YES,,FULL_SYSTEM,Service,,,FULL,,,NO,,
EndPointCorp/lg_ros_nodes,github,master,63,0,Python,240,42,198,158,4,154,2494,165,272,27,A ROS software stack for running Liquid Galaxy applications,https://github.com/EndPointCorp/lg_ros_nodes,Bradley,1,YES,,FULL_SYSTEM,Other,,,FULL,,,NO,,It is coordinating liquid galaxy screens for immersive content
enesdemirag/point-cloud-filters,github,simpcl,9,0,C++,1,0,1,0,0,0,196,3,0,3,3D Point Cloud Filtering and Mapping using Stereo Camera,https://github.com/enesdemirag/point-cloud-filters,Bradley,1,YES,,SUBSYSTEM,GEN,,,Sensing,,,NO,,
epfl-lasa/ridgeback_ur5_controller,github,devel,8,0,C++,3,1,2,1,0,1,151,5,0,11,Several controllers to move Ridgeback mobile-robot and UR5 robotic-arm.,https://github.com/epfl-lasa/ridgeback_ur5_controller,Bradley,1,YES,,SUBSYSTEM,GEN,,,Control,,,PARTIALLY,https://github.com/epfl-lasa/ridgeback_ur5_controller,
ethz-asl/asctec_mav_framework,github,master,1,0,C,55,15,40,24,2,22,269,8,5,19,Framework for data aquisition and position control to be used with the highlevel processor of Ascending Technologies helicopters ,https://github.com/ethz-asl/asctec_mav_framework,Bradley,1,YES,,SUBSYSTEM,Aerial,,,Control,Sensing,,NO,,Part of http://wiki.ros.org/asctec_mav_framework
ethz-asl/cuckoo_time_translator,github,master,2,0,C++,15,3,12,40,0,40,138,4,0,8,algorithms for synchronizing clocks ,https://github.com/ethz-asl/cuckoo_time_translator,Bradley,1,YES,,SUBSYSTEM,Aerial,,,Infrastructural,,,NO,,Part of http://wiki.ros.org/asctec_mav_framework
ethz-asl/ethzasl_ptam,github,master,2,0,C++,90,46,44,19,4,15,134,9,2,15,Modified version of Parallel Tracking and Mapping (PTAM),https://github.com/ethz-asl/ethzasl_ptam,Bradley,1,YES,,SUBSYSTEM,Aerial,,,Vision,Mapping,,NO,,Part of http://wiki.ros.org/asctec_mav_framework
evocortex/optris_drivers,github,master,1,0,C++,12,1,11,15,2,13,117,5,0,13,ROS drivers for Optris thermal imagers,https://github.com/evocortex/optris_drivers,Bradley,1,YES,,SUBSYSTEM,GEN,,,Sensing,,,NO,,
FedericoPecora/coordination_oru_ros,github,master,25,0,Java,2,1,1,6,0,6,195,4,10,11,Multi-robot coordination package based on coordination_oru with ROS support,https://github.com/FedericoPecora/coordination_oru_ros,Bradley,1,YES,,SUBSYSTEM,GEN,,,Navigation,,,NO,,About coordinating multiple robots
felix-kolbe/uashh-rvl-ros-pkg,github,master,41,0,Python,0,0,0,1,1,0,253,2,0,2,University of Applied Sciences Hamburg Robot Vision Lab ROS Repository,https://github.com/felix-kolbe/uashh-rvl-ros-pkg,Bradley,1,YES,,SUBSYSTEM,GEN,,,Sensing,Control,Navigation,NO,,Looks like a collection of repositories for a research lab -- perhaps not one system?
felixendres/rgbdslam_v2,github,kinetic,8,0,C++,104,57,47,12,1,11,235,9,1,9,RGB-D SLAM for ROS,https://github.com/felixendres/rgbdslam_v2,Bradley,1,YES,,SUBSYSTEM,GEN,,,Slam,,,NO,,See e.g. Section 3.1 of the thesis
fetchrobotics/fetch_robots,github,melodic-devel,22,0,Python,6,2,4,38,2,36,137,5,18,15,Bringup for fetch & freight,https://github.com/fetchrobotics/fetch_robots,Bradley,1,YES,,SUBSYSTEM,Manu,Service,,DevSupport,,,NO,,Seems to just be files to launch these fet robots
fetchrobotics/fetch_ros,github,melodic-devel,40,0,C++,31,9,22,88,1,87,276,3,42,30,Open ROS Components for Robots from Fetch Robotics,https://github.com/fetchrobotics/fetch_ros,Bradley,1,YES,,FULL_SYSTEM,Manu,Service,,FULL,,,NO,,"Merge with above. A collection of ""Open components for Fetch robots"". May be missing proprietary components."
fkie/iop_core,github,master,1,0,Java,2,1,1,0,0,0,190,5,2,3,The packages required by all other IOP ROS packages,https://github.com/fkie/iop_core,Ivano,2,YES,,SUBSYSTEM,GEN,,,Integration,,,PARTIALLY,https://github.com/fkie/iop_core/blob/master/doc/how_it_works.md,
fkie/multimaster_fkie,github,master,19,0,Python,77,3,74,28,0,28,1613,13,62,25,"ROS stack with FKIE packages for multi-robot (discovering, synchronizing and management GUI)",https://github.com/fkie/multimaster_fkie,Ivano,2,YES,,SUBSYSTEM,GEN,,,Integration,DevSupport,,PARTIALLY,http://wiki.ros.org/multimaster_fkie,
florisvb/multi_tracker,github,master,3,0,Python,4,1,3,2,0,2,384,3,0,12,Multiple object tracking for single camera in ROS.,https://github.com/florisvb/multi_tracker,Ivano,2,YES,,SUBSYSTEM,GEN,,,Vision,,,YES,http://florisvb.github.io/multi_tracker/,
Flos/ros-image_cloud,github,master,7,0,C++,1,1,0,0,0,0,221,2,0,2,"ROS package for Sensor fusion between lidar (PointClouds, PCL) and Image sensors.",https://github.com/Flos/ros-image_cloud,Ivano,2,YES,,SUBSYSTEM,GEN,,,Sensing,,,NO,,
frankaemika/franka_ros,github,kinetic-devel,14,0,C++,59,23,36,10,1,9,718,6,11,13,ROS integration for Franka Emika research robots,https://github.com/frankaemika/franka_ros,Ivano,2,YES,,FULL_SYSTEM,Manu,,,FULL,,,YES,https://frankaemika.github.io/docs/franka_ros.html,
g/grizzly,github,kinetic-devel,8,0,CMake,3,1,2,19,1,18,278,12,13,17,Lightweight Grizzly packages common to robot and desktop,https://github.com/g/grizzly,Ivano,2,YES,,SUBSYSTEM,Ground,,,Navigation,Control,,NO,,Clearpath Grizzly
GigaFlopsis/rc_car_ros,github,swarm-control,20,0,Python,1,1,0,0,0,0,146,3,0,6,ROS package to control an autonomous RC vehicle based on Raspberry Pi3,https://github.com/GigaFlopsis/rc_car_ros,Ivano,2,YES,,FULL_SYSTEM,Ground,,,FULL,,,NO,,
googlecartographer/cartographer_ros,github,master,19,0,C++,689,235,454,621,6,615,551,5,4,36,Provides ROS integration for Cartographer.,https://github.com/googlecartographer/cartographer_ros,Ivano,1,YES,,SUBSYSTEM,Ground,,,Slam,,,YES,https://google-cartographer-ros.readthedocs.io/en/latest/ros_api.html,
grassjelly/onine,github,master,32,0,C++,0,0,0,0,0,0,141,3,0,2,ROS based service robot,https://github.com/grassjelly/onine,Ivano,2,YES,,FULL_SYSTEM,Service,Manu,,FULL,,,NO,,
gribot-robotics/gribot_ros,github,master,5,0,CMake,5,1,4,20,0,20,102,4,0,2,Ros configuration files,https://github.com/gribot-robotics/gribot_ros,Ivano,2,YES,,FULL_SYSTEM,Ground,,,FULL,,,NO,,
grvcTeam/grvc-ual,github,master,6,0,C++,52,9,43,5,0,5,272,21,12,9,An abstraction layer for unmanned aerial vehicles,https://github.com/grvcTeam/grvc-ual,Ivano,1,YES,,SUBSYSTEM,Aerial,,,Navigation,,,YES,https://github.com/grvcTeam/grvc-ual/wiki/UAL-interfaces,
gtagency/buzzmobile,github,master,22,0,Python,139,56,83,74,4,70,854,19,0,18,An autonomous parade float/vehicle,https://github.com/gtagency/buzzmobile,Ivano,1,YES,,FULL_SYSTEM,Selfdriving_car,,,FULL,,,YES,https://github.com/gtagency/buzzmobile,Parade of autonomous cars
guiche/rosebot_description,bitbucket,master,7,0,python,0,0,0,0,0,0,475,6,,10,ROS package for rosebot,https://bitbucket.org/guiche/rosebot_description,Ivano,1,YES,,SUBSYSTEM,Ground,,,Navigation,,,NO,,Robot: http://www.rosebotics.org/platform
Hacks4ROS/h4r_ev3_ctrl,github,develop,7,0,C++,17,11,6,1,0,1,209,4,1,2,ROS Node for managing EV3 with ROS Control,https://github.com/Hacks4ROS/h4r_ev3_ctrl,Ivano,1,YES,,SUBSYSTEM,Ground,,,Control,,,PARTIALLY,http://hacks4ros.github.io/h4r_ev3_ctrl/,Robot: Lego Mindstorms EV3
hans-robot/elfin_robot,github,kinetic-devel,93,0,C++,15,1,14,2,0,2,128,4,0,4,ROS meta-package for Elfin robot,https://github.com/hans-robot/elfin_robot,Ivano,1,YES,,FULL_SYSTEM,Manu,,,FULL,,,PARTIALLY,https://github.com/hans-robot/elfin_robot/blob/kinetic-devel/docs/API_description_english.md,
hasauino/rrt_exploration,github,master,3,0,C++,5,0,5,1,1,0,186,4,0,3,A ROS package that implements a multi-robot RRT-based map exploration algorithm. It also has the image-based frontier detection that uses image processing to extract frontier points.,https://github.com/hasauino/rrt_exploration,Ivano,1,YES,,SUBSYSTEM,Ground,,,Slam,,,YES,https://github.com/hasauino/rrt_exploration,
HJReachability/fastrack,github,master,15,0,C++,4,0,4,4,1,3,272,6,2,6,A ROS implementation of Fast and Safe Tracking (FaSTrack).,https://github.com/HJReachability/fastrack,Ivano,1,YES,,SUBSYSTEM,Aerial,,,Planning,,,NO,,
hrnr/m-explore,github,master,7,0,C++,29,3,26,0,0,0,237,6,5,4,ROS packages for multi robot exploration,https://github.com/hrnr/m-explore,Ivano,1,YES,,SUBSYSTEM,Ground,,,Mapping,Navigation,,YES,http://wiki.ros.org/explore_lite and http://wiki.ros.org/multirobot_map_merge,
hrnr/robo-rescue,github,master,7,0,C++,1,0,1,36,0,36,154,8,0,2,ROS nodes for rescue robots,https://github.com/hrnr/robo-rescue,Ivano,1,YES,,FULL_SYSTEM,Ground,,,FULL,,,YES,https://github.com/hrnr/robo-rescue,
husky/husky,github,kinetic-devel,24,0,C++,55,13,42,56,1,55,427,15,26,27,Common packages for the Clearpath Husky,https://github.com/husky/husky,Ivano,1,YES,,FULL_SYSTEM,Ground,,,FULL,,,PARTIALLY,http://wiki.ros.org/Robots/Husky,
husky/husky_robot,github,indigo-devel,7,0,C++,2,1,1,10,0,10,303,12,24,19,Robot (Hardware) packages for the Clearpath Husky,https://github.com/husky/husky_robot,Ivano,1,YES,,SUBSYSTEM,Ground,,,Control,Base,,NO,,
IFL-CAMP/iiwa_stack,github,master,33,0,C++,118,29,89,60,0,60,525,9,4,19,ROS integration for the KUKA LBR IIWA R800/R820 (7/14 Kg).,https://github.com/IFL-CAMP/iiwa_stack,Ivano,1,YES,,FULL_SYSTEM,Manu,,,FULL,,,PARTIALLY,https://github.com/IFL-CAMP/iiwa_stack/wiki,
IGVC-IITK/computer_vision,github,devel,10,0,C++,1,1,0,2,0,2,122,5,0,10,ROS nodes for robust lane detection on grass and automatic inverse perspective transformation,https://github.com/IGVC-IITK/computer_vision,Ivano,1,YES,,SUBSYSTEM,GEN,,,Vision,,,YES,https://github.com/IGVC-IITK/computer_vision,
iirob/ros_opcua_communication,github,kinetic-devel,2,0,Python,6,1,5,11,3,8,118,4,0,6,,https://github.com/iirob/ros_opcua_communication,Ivano,1,YES,,SUBSYSTEM,GEN,,,Integration,,,PARTIALLY,https://github.com/iirob/ros_opcua_communication/blob/kinetic-devel/ros_opcua_impl_freeopcua/README.md,
ildoonet/tf-pose-estimation,github,master,1,0,Python,447,203,244,26,6,20,211,5,0,17,Deep Pose Estimation implemented using Tensorflow with Custom Architectures for fast inference.,https://github.com/ildoonet/tf-pose-estimation,Ivano,1,YES,,SUBSYSTEM,GEN,,,Vision,,,NO,,
informatik-mannheim/akrobat,github,indigo-stable,28,0,C++,0,0,0,9,0,9,146,5,0,3,Control and visualization of a six-legged walking robot based on ROS.,https://github.com/informatik-mannheim/akrobat,Ivano,1,YES,,FULL_SYSTEM,Ground,,,FULL,,,NO,,
inomuh/evapc_ros,github,indigo-devel,28,0,CMake,4,2,2,0,0,0,155,5,5,3,pc libraries of evarobot,https://github.com/inomuh/evapc_ros,Ivano,1,YES,,SUBSYSTEM,Ground,,,Navigation,Slam,DevSupport,YES,http://wiki.ros.org/Robots/evarobot,
inomuh/evapi_ros,github,85rpm,19,0,C++,3,3,0,0,0,0,105,7,58,1,ros libraries for electronic control unit of evarobot,https://github.com/inomuh/evapi_ros,Ivano,1,YES,,SUBSYSTEM,Ground,,,Control,Sensing,,YES,http://wiki.ros.org/Robots/evarobot,
intel/ros2_object_analytics,github,master,0,1,C++,11,3,8,79,0,79,158,3,8,12,,https://github.com/intel/ros2_object_analytics,Ivano,1,YES,,SUBSYSTEM,GEN,,,Vision,,,YES,https://github.com/intel/ros2_object_analytics,
internationalauto/auto_guidance,bitbucket,master,1,0,python,0,0,0,0,0,0,219,9,,12,ROS package for guidance system,https://bitbucket.org/internationalauto/auto_guidance,Ivano,1,YES,,SUBSYSTEM,Ground,,,Navigation,,,NO,,
introlab/rtabmap_ros,github,master,55,0,C++,301,97,204,14,0,14,1024,9,57,13,RTAB-Map's ROS package.,https://github.com/introlab/rtabmap_ros,Ivano,1,YES,,SUBSYSTEM,Ground,,,Slam,,,YES,http://wiki.ros.org/rtabmap_ros#Nodes,
ipa320/cob_command_tools,github,indigo_dev,6,0,Python,32,8,24,215,2,213,1995,16,26,91,,https://github.com/ipa320/cob_command_tools,Ivano,1,YES,,SUBSYSTEM,Service,,,Integration,DevSupport,,PARTIALLY,https://can-newsletter.org/uploads/media/raw/fa0136c44242f5e4befa4594b97bf8cb.pdf,
ipa320/cob_control,github,kinetic_dev,5,0,C++,51,24,27,157,2,155,1374,7,26,48,The cob_control stack includes packages that are used to do low level control tasks with Care-O-bot hardware over ROS.,https://github.com/ipa320/cob_control,Ivano,1,YES,,SUBSYSTEM,Service,,,Control,,,PARTIALLY,https://can-newsletter.org/uploads/media/raw/fa0136c44242f5e4befa4594b97bf8cb.pdf,
ipa320/cob_environment_perception,github,indigo_dev,58,0,C++,7,3,4,44,1,43,5022,10,3,47,,https://github.com/ipa320/cob_environment_perception,Ivano,1,YES,,SUBSYSTEM,Service,,,Sensing,,,PARTIALLY,https://can-newsletter.org/uploads/media/raw/fa0136c44242f5e4befa4594b97bf8cb.pdf,
ipa320/cob_manipulation,github,kinetic_dev,24,0,C++,20,12,8,117,1,116,1439,16,17,40,,https://github.com/ipa320/cob_manipulation,Ivano,1,YES,,SUBSYSTEM,Service,,,Control,,,PARTIALLY,https://can-newsletter.org/uploads/media/raw/fa0136c44242f5e4befa4594b97bf8cb.pdf,
ipa320/cob_navigation,github,indigo_dev,27,0,C++,11,2,9,94,2,92,1473,14,19,84,Care-O-bot navigation packages,https://github.com/ipa320/cob_navigation,Ivano,1,YES,,SUBSYSTEM,Service,,,Navigation,,,PARTIALLY,https://can-newsletter.org/uploads/media/raw/fa0136c44242f5e4befa4594b97bf8cb.pdf,
ipa320/cob_perception_common,github,indigo_dev,5,0,C++,11,1,10,83,1,82,435,14,21,39,,https://github.com/ipa320/cob_perception_common,Ivano,1,YES,,SUBSYSTEM,Service,,,Sensing,,,PARTIALLY,https://can-newsletter.org/uploads/media/raw/fa0136c44242f5e4befa4594b97bf8cb.pdf,
ipa320/cob_robots,github,indigo_dev,156,0,Python,59,3,56,719,8,711,4056,15,29,121,,https://github.com/ipa320/cob_robots,Ivano,1,YES,,SUBSYSTEM,Service,,,Base,,,PARTIALLY,https://can-newsletter.org/uploads/media/raw/fa0136c44242f5e4befa4594b97bf8cb.pdf,
ipa320/schunk_robots,github,indigo_dev,52,0,Python,20,6,14,72,1,71,409,11,3,24,,https://github.com/ipa320/schunk_robots,Ivano,1,YES,,SUBSYSTEM,Manu,,,Base,,,NO,,
ipa320/srs_public,github,master,264,0,C++,0,0,0,121,0,121,1709,2,0,40,,https://github.com/ipa320/srs_public,Ivano,1,YES,,FULL_SYSTEM,Service,,,FULL,,,PARTIALLY,http://srs-project.eu/sites/default/files/SRS_247772_D1.3A_SRS%20System%20Specification.pdf,
ipab-slmc/exotica,github,master,38,0,C++,200,49,151,390,1,389,2178,10,5,24,Extensible Optimization Framework,https://github.com/ipab-slmc/exotica,Ivano,1,YES,,SUBSYSTEM,Manu,,,Planning,Control,,PARTIALLY,https://vladimirivan.files.wordpress.com/2018/03/exoticarosbook.pdf https://ipab-slmc.github.io/exotica/overview.html,
irvs/ros_tms,github,develop,183,0,C++,195,2,193,358,0,358,1609,16,6,27,"It is a service robot system with an informationally structured environment referred to the ROS-TMS. This system enables the integration of various data from distributed sensors, as well as storage of these data in an on-line database and the planning of the service motion of a robot using real-time information about the surroundings. If we want use ROS-TMS, please check the releases information. https://github.com/irvs/ros_tms/releases",https://github.com/irvs/ros_tms,Ivano,1,YES,,FULL_SYSTEM,Service,,,FULL,,,PARTIALLY,http://irvs.github.io/ros_tms/,
iscumd/Yeti2018,github,master,7,0,C++,30,26,4,26,0,26,104,3,0,8,Make Yeti Great Again,https://github.com/iscumd/Yeti2018,Ivano,2,YES,,FULL_SYSTEM,Ground,,,FULL,,,NO,,
jackal/jackal,github,kinetic-devel,9,0,CMake,19,6,13,41,0,41,227,10,16,16,"Common packages for Jackal, including messages, robot description, and controllers",https://github.com/jackal/jackal,Ivano,2,YES,,SUBSYSTEM,Ground,,,Control,Navigation,,NO,,
jackal/jackal_robot,github,kinetic-devel,2,0,C++,2,0,2,12,0,12,119,8,13,7,Robot packages for Jackal,https://github.com/jackal/jackal_robot,Ivano,1,YES,,SUBSYSTEM,Ground,,,Control,Base,,NO,,Clearpath Jackal
Jaeyoung-Lim/mavros_controllers,github,master,8,0,C++,25,4,21,64,2,62,217,12,1,7,Aggressive trajectory tracking using mavros for PX4 enabled vehicles,https://github.com/Jaeyoung-Lim/mavros_controllers,Ivano,2,YES,,SUBSYSTEM,Aerial,,,Control,,,YES,https://github.com/Jaeyoung-Lim/mavros_controllers,
jakeware/global_mapper,github,master,2,0,C++,0,0,0,3,0,3,117,2,0,4,A global mapping package for ros.,https://github.com/jakeware/global_mapper,Ivano,2,YES,,SUBSYSTEM,GEN,,,Mapping,,,NO,,
jbohren-forks/pr2_doors,github,master,51,0,C++,0,0,0,0,0,0,135,2,0,11,Fork of http://ros.org/wiki/pr2_doors,https://github.com/jbohren-forks/pr2_doors,Ivano,2,YES,,SUBSYSTEM,Ground,,,Control,,,NO,,
JHS-ARCC-Club/jetson_car,github,master,41,0,HTML,55,31,24,11,0,11,335,3,0,7,Repository for the development of the JHS Autonomous Race Car Club's ROS  Jetson Car (TX2) with RealSense D400,https://github.com/JHS-ARCC-Club/jetson_car,Ivano,2,YES,,FULL_SYSTEM,Selfdriving_car,,,FULL,,,NO,,
jhu-asco/aerial_autonomy,github,master,38,0,C++,0,0,0,214,4,210,1299,38,5,14,Easily extendable package for interacting with and defining state machines for autonomous aerial systems,https://github.com/jhu-asco/aerial_autonomy,Ivano,2,YES,,SUBSYSTEM,Aerial,,,Planning,,,NO,,
jhu-dvrk/dvrk-ros,github,master,14,0,Python,15,3,12,17,0,17,564,8,11,26,daVinci Research Kit ROS stack ,https://github.com/jhu-dvrk/dvrk-ros,Ivano,2,YES,,FULL_SYSTEM,Other,,,FULL,,,PARTIALLY,https://github.com/jhu-dvrk/sawIntuitiveResearchKit/wiki/kazanzides-chen-etal-icra-2014.pdf,
jhu-lcsr/sp_segmenter,github,master,6,0,C++,3,3,0,2,0,2,1007,4,0,9,"Superpixel-based semantic segmentation, with object pose estimation and tracking. Provided as a ROS package.",https://github.com/jhu-lcsr/sp_segmenter,Ivano,2,YES,,SUBSYSTEM,GEN,,,Vision,,,NO,,
jitrc/eklavya-ros-pkg,github,master,28,0,C,0,0,0,1,0,1,443,2,0,14,Repo for Eklavya bot of Autonomous Ground Vehicle Research Group IIT Kharagpur,https://github.com/jitrc/eklavya-ros-pkg,Ivano,2,YES,,FULL_SYSTEM,Ground,,,FULL,,,NO,,
jnez71/lqRRT,github,master,2,0,Python,9,3,6,5,0,5,160,2,0,5,Kinodynamic RRT Implementation,https://github.com/jnez71/lqRRT,Ivano,2,YES,,SUBSYSTEM,Ground,,,Planning,,,NO,,
jsk-ros-pkg/jsk_common,github,master,81,0,Python,440,47,393,1191,7,1184,3887,2,108,84,common programs for jsk-ros-pkg,https://github.com/jsk-ros-pkg/jsk_common,Ivano,2,YES,,SUBSYSTEM,Humanoid ,Ground,,DevSupport,,,NO,,
jsk-ros-pkg/jsk_control,github,master,116,0,Common Lisp,57,11,46,663,7,656,1999,2,15,53,jsk control ros packages,https://github.com/jsk-ros-pkg/jsk_control,Ivano,2,YES,,SUBSYSTEM,Humanoid ,Ground,,Control,,,NO,,
jsk-ros-pkg/jsk_planning,github,master,27,0,Common Lisp,6,1,5,64,1,63,280,2,14,13,JSK planning packages,https://github.com/jsk-ros-pkg/jsk_planning,Ivano,2,YES,,SUBSYSTEM,Humanoid ,Ground,,Planning,,,NO,,
jsk-ros-pkg/jsk_pr2eus,github,master,43,0,Common Lisp,81,25,56,313,10,303,1455,3,31,49,PR2 euslisp packages,https://github.com/jsk-ros-pkg/jsk_pr2eus,Ivano,2,YES,,SUBSYSTEM,Humanoid ,Ground,,Infrastructural,,,NO,,
jsk-ros-pkg/jsk_recognition,github,master,414,0,C++,269,34,235,2165,38,2127,6080,2,105,97,JSK perception ROS packages,https://github.com/jsk-ros-pkg/jsk_recognition,Ivano,2,YES,,SUBSYSTEM,Humanoid ,Ground,,Vision,,,NO,,
jsk-ros-pkg/jsk_robot,github,master,164,0,Common Lisp,240,52,188,859,45,814,2752,6,27,79,jsk-ros-pkg/jsk_robot,https://github.com/jsk-ros-pkg/jsk_robot,Ivano,2,YES,,SUBSYSTEM,Humanoid ,Ground,,Base,,,NO,,
jsk-ros-pkg/jsk_roseus,github,master,65,0,Common Lisp,125,32,93,490,14,476,2318,4,74,47,ROS EusLisp Client,https://github.com/jsk-ros-pkg/jsk_roseus,Ivano,2,YES,,SUBSYSTEM,Humanoid ,Ground,,Infrastructural,,,NO,,
jsk-ros-pkg/jsk_visualization,github,master,50,0,C++,73,6,67,665,1,664,2115,3,45,49,jsk visualization ros packages,https://github.com/jsk-ros-pkg/jsk_visualization,Ivano,2,YES,,SUBSYSTEM,Humanoid ,Ground,,DevSupport,,,NO,,
jsk-ros-pkg/openrave_planning,github,master,15,0,C++,6,2,4,14,0,14,643,2,10,9,openrave ROS packages,https://github.com/jsk-ros-pkg/openrave_planning,Ivano,2,YES,,SUBSYSTEM,Humanoid ,Ground,,Planning,,,NO,,
kalakris/stomp,github,master,14,0,C++,2,2,0,0,0,0,101,2,0,1,STOMP motion planner for ROS Groovy,https://github.com/kalakris/stomp,Ivano,2,YES,,SUBSYSTEM,Manu,,,Planning,,,NO,,
KCL-Planning/ROSPlan,github,master,7,0,C++,97,34,63,99,6,93,876,7,0,27,The ROSPlan framework provides a generic method for task planning in a ROS system.,https://github.com/KCL-Planning/ROSPlan,Ivano,2,YES,,SUBSYSTEM,GEN,,,Planning,,,YES,https://kcl-planning.github.io/ROSPlan/documentation/,
Kinovarobotics/kinova-ros,github,master,129,0,C++,186,39,147,59,6,53,680,10,6,47,Official ROS packages for Kinova robotic arms,https://github.com/Kinovarobotics/kinova-ros,Ivano,2,YES,,FULL_SYSTEM,Manu,,,FULL,,,NO,,
Kivo0/Visual-Servoing-ROS,github,master,11,0,Python,1,0,1,1,0,1,234,3,0,5,this is for visual servoing of a turtlebot combined with navigation management,https://github.com/Kivo0/Visual-Servoing-ROS,Ivano,2,YES,,SUBSYSTEM,Ground,,,Planning,Navigation,Slam,YES,https://github.com/Kivo0/Visual-Servoing-ROS/blob/master/Turtlebot_navigation.pdf,
knowrob/knowrob,github,master,4,0,Prolog,76,13,63,138,2,136,2236,8,3,39,KnowRob core packages and general issue tracker for the KnowRob knowledge base,https://github.com/knowrob/knowrob,Ivano,2,YES,,SUBSYSTEM,GEN,,,Infrastructural,,,NO,,
ku-ya/uav_geometric_controller,github,master,15,0,Python,15,8,7,10,0,10,417,2,4,15,UAV node for ROS,https://github.com/ku-ya/uav_geometric_controller,Ivano,2,YES,,SUBSYSTEM,Aerial,,,Control,,,PARTIALLY,https://github.com/ku-ya/uav_geometric_controller/tree/master/documentation,
kucars/haptic_teleoperation,github,master,15,0,C++,0,0,0,0,0,0,148,3,0,10,A ROS package for haptic teleoperation,https://github.com/kucars/haptic_teleoperation,Ivano,2,YES,,SUBSYSTEM,Manu,,,Control,,,NO,,
kuka-isir/cart_opt_ctrl,github,master,3,0,C++,3,0,3,2,0,2,176,5,0,4,RTT/ROS minimal operational space controller,https://github.com/kuka-isir/cart_opt_ctrl,Ivano,2,YES,,SUBSYSTEM,Manu,,,Control,,,NO,,
laas/hueblob,github,master,2,0,C++,1,0,1,0,0,0,138,5,0,4,Stereo blob tracking for ROS,https://github.com/laas/hueblob,Ivano,2,YES,,SUBSYSTEM,GEN,,,Vision,,,NO,,
laboshinl/loam_velodyne,github,master,3,0,C++,108,74,34,31,6,25,150,3,0,17,Laser Odometry and Mapping (Loam) is a realtime method for state estimation and mapping using a 3D lidar.,https://github.com/laboshinl/loam_velodyne,Ivano,2,YES,,SUBSYSTEM,GEN,,,Slam,,,NO,,
lagadic/vision_visp,github,master,16,0,C++,60,21,39,32,0,32,706,22,49,15,ViSP stack for ROS,https://github.com/lagadic/vision_visp,Ivano,2,YES,,SUBSYSTEM,GEN,,,Vision,,,PARTIALLY,http://team.inria.fr/lagadic/pdf/2005_ieee_ram_marchand.pdf,
leggedrobotics/darknet_ros,github,master,4,0,C++,134,76,58,29,2,27,249,5,4,15,YOLO ROS: Real-Time Object Detection for ROS,https://github.com/leggedrobotics/darknet_ros,Ivano,2,YES,,SUBSYSTEM,GEN,,,Vision,,,YES,https://github.com/leggedrobotics/darknet_ros,
leggedrobotics/free_gait,github,master,3,0,C++,25,11,14,50,3,47,905,14,7,28,An Architecture for the Versatile Control of Legged Robots,https://github.com/leggedrobotics/free_gait,Ivano,2,YES,,SUBSYSTEM,Ground,,,Control,,,PARTIALLY,https://www.researchgate.net/publication/312111333,Legged robots
leonard-lab/dcslROS,github,groovy-devel,44,0,C,48,8,40,0,0,0,483,8,10,6,Source code for Miabot and Beluga ROS System,https://github.com/leonard-lab/dcslROS,Ivano,2,YES,,FULL_SYSTEM,Ground,,,FULL,,,NO,,
lfermin77/Incremental_DuDe_ROS,github,master,6,0,C++,3,3,0,4,1,3,107,6,0,3,,https://github.com/lfermin77/Incremental_DuDe_ROS,Ivano,2,YES,,SUBSYSTEM,GEN,,,Vision,,,NO,,
LGD-Fr/hand_control,github,master,3,0,C++,0,0,0,0,0,0,285,2,4,8,"ROS package to control a ""Parrot AR Drone"" with the hand movements measured by a Microsoft Kinect sensor.",https://github.com/LGD-Fr/hand_control,Ivano,2,YES,,SUBSYSTEM,Aerial,,,Control,,,NO,,
linorobot/linorobot,github,master,18,0,C++,19,1,18,9,0,9,207,5,9,9,"ROS Compatible ground robots (2WD, 4WD, Ackermann Steering, Mecanum Drive)",https://github.com/linorobot/linorobot,Ivano,2,YES,,FULL_SYSTEM,Ground,,,FULL,,,NO,,
lucasw/imgui_ros,github,melodic,2,1,C++,81,53,28,0,0,0,360,9,0,1,"View ros images, visualize in 2D and 3D, and interact with nodes through topics and services using https://github.com/ocornut/imgui",https://github.com/lucasw/imgui_ros,Ivano,2,YES,,SUBSYSTEM,GEN,,,DevSupport,,,NO,,
MalcolmMielle/Auto-Complete-Graph,github,SSRR2017,4,0,C++,2,0,2,0,0,0,252,3,1,1,"a method to integrate an emergency map into a robot map, so that the robot can plan its way toward places it has not yet explored.",https://github.com/MalcolmMielle/Auto-Complete-Graph,Ivano,2,YES,,SUBSYSTEM,GEN,,,Slam,,,NO,,
markusk/minibot,github,master,15,0,C,0,0,0,0,0,0,767,2,44,1,My little Raspberry Pi and ROS robot - with python.,https://github.com/markusk/minibot,Ivano,2,YES,,FULL_SYSTEM,Ground,,,FULL,,,NO,,
mavlink/mavros,github,master,13,0,C++,941,74,867,306,6,300,1862,8,82,84,MAVLink to ROS gateway with proxy for Ground Control Station,https://github.com/mavlink/mavros,Ivano,1,YES,,SUBSYSTEM,Aerial,,,Infrastructural,,,NO,,
mcgill-robotics/ros-interop,github,master,4,0,Python,11,4,7,60,0,60,143,4,28,5,üì∂ AUVSI SUAS interoperability ROS client,https://github.com/mcgill-robotics/ros-interop,Ivano,2,YES,,SUBSYSTEM,Aerial,,,Integration,,,YES,https://github.com/mcgill-robotics/ros-interop,
mdalal2020/sawyer_control,github,master,1,0,Python,1,0,1,13,0,13,263,3,0,9,Python3 ROS Interface to Rethink Sawyer Robots with OpenAI Gym Compatibility ,https://github.com/mdalal2020/sawyer_control,Ivano,2,YES,,FULL_SYSTEM,Manu,,,FULL,,,NO,,
MichalDobis/osm_planner,github,master,4,0,C++,1,1,0,0,0,0,123,4,0,5,Experimental ROS package for finding path on OpenStreetMap using dijkstra algorithm,https://github.com/MichalDobis/osm_planner,Ivano,2,YES,,SUBSYSTEM,Ground,,,Planning,,,YES,https://github.com/MichalDobis/osm_planner/wiki/2.-ROS-API,
mitchell_scott/sphero_swarm_ros,bitbucket,master,3,0,NA,0,0,0,0,0,0,128,3,,8,,https://bitbucket.org/mitchell_scott/sphero_swarm_ros,Ivano,2,YES,,FULL_SYSTEM,Ground,,,FULL,,,PARTIALLY,https://bitbucket.org/mitchell_scott/sphero_swarm_ros/src/master/,
muralivnv/asl_gremlin_pkg,github,master,10,0,C++,0,0,0,0,0,0,105,2,2,1,ROS package for online trajectory generation and tracking using nonlinear control law for ground vehicle,https://github.com/muralivnv/asl_gremlin_pkg,Ivano,2,YES,,SUBSYSTEM,Ground,,,Navigation,,,NO,,
NiryoRobotics/niryo_one_ros,github,master,33,0,C++,12,1,11,17,2,15,131,3,4,6,Niryo One ROS stack,https://github.com/NiryoRobotics/niryo_one_ros,Ivano,2,YES,,FULL_SYSTEM,Manu,,,FULL,,,PARTIALLY,https://niryo.com/docs/niryo-one/developer-tutorials/get-started-with-the-niryo-one-ros-stack/,
Nishida-Lab/forest_robot_project,github,master,24,0,C++,10,3,7,25,0,25,268,12,0,8,,https://github.com/Nishida-Lab/forest_robot_project,Ivano,2,YES,,FULL_SYSTEM,Ground,,,FULL,,,NO,,
Nishida-Lab/motoman_project,github,indigo-devel,157,0,C++,40,12,28,91,1,90,828,4,0,14,MotomanÁî®„ÅÆ„É™„Éù„Ç∏„Éà„É™,https://github.com/Nishida-Lab/motoman_project,Ivano,2,YES,,FULL_SYSTEM,Manu,,,FULL,,,PARTIALLY,https://github.com/Nishida-Lab/motoman_project/wiki/%E3%82%BD%E3%83%95%E3%83%88%E3%82%A6%E3%82%A7%E3%82%A2%E6%A7%8B%E6%88%90,
Nsteel/Apollo_13,github,master,31,0,C++,0,0,0,4,0,4,173,8,0,4,Implementation of the ROS Navigation Stack on a car-like robot using teb-planner. Implementation of lane detection. Implementation of autonomous exploration,https://github.com/Nsteel/Apollo_13,Ivano,2,YES,,SUBSYSTEM,Selfdriving_car,,,Navigation,,,NO,,
occamLab/tango_ros_bridge,github,master,4,0,C++,2,2,0,12,2,10,116,7,0,10,Allows the streaming of sensor data from a Google Tango smartphone to a computer running ROS,https://github.com/occamLab/tango_ros_bridge,Ivano,2,YES,,SUBSYSTEM,GEN,,,Integration,,,YES,https://github.com/occamLab/tango_ros_bridge/blob/master/docs/images/tango_ros_bridge_architecture.png,
olin-robotic-sailing/oars-roboboat,github,master,21,0,Python,41,25,16,17,0,17,269,17,0,16,OARS 2016-2017 - AUVSI Roboboat (inactive),https://github.com/olin-robotic-sailing/oars-roboboat,Ivano,2,YES,,FULL_SYSTEM,Acquatic,,,FULL,,,NO,,
olin-robotic-sailing/trans-atlantic-sailboat,github,master,5,0,Python,1,1,0,6,1,5,132,11,0,11,The home of Olin's multi-year trans-Atlantic sailboat endeavor. (active),https://github.com/olin-robotic-sailing/trans-atlantic-sailboat,Ivano,2,YES,,FULL_SYSTEM,Acquatic,,,FULL,,,YES,https://github.com/olin-robotic-sailing/trans-atlantic-sailboat,
omwdunkley/crazyflieROS,github,master,8,0,Python,4,4,0,0,0,0,105,2,0,1,A GUI for controlling the Crazyflie with ROS input/output,https://github.com/omwdunkley/crazyflieROS,Ivano,2,YES,,SUBSYSTEM,Aerial,,,Integration,,,NO,,
opencog/ghost_bridge,github,master,3,0,Python,2,1,1,14,0,14,1406,4,12,25,A ROS bridge between the Hanson Robotics stack and OpenCog's GHOST,https://github.com/opencog/ghost_bridge,Ivano,2,YES,,SUBSYSTEM,GEN,,,Integration,,,NO,,
OrebroUniversity/yumi,github,master,37,0,C++,23,6,17,9,1,8,148,10,3,8,ROS packages pertaining to the ABB YuMi (IRB 14000) robot,https://github.com/OrebroUniversity/yumi,Ivano,2,YES,,FULL_SYSTEM,Manu,,,FULL,,,NO,,
OSLL/slam-constructor,github,master,6,0,C++,3,3,0,13,0,13,251,17,5,11,SLAM Constructor Framework,https://github.com/OSLL/slam-constructor,Ivano,2,YES,,SUBSYSTEM,GEN,,,Slam,,,YES,https://github.com/OSLL/slam-constructor,
OSLL/tiny-slam-ros-cpp,github,master,1,0,C++,1,1,0,23,0,23,123,6,1,5,TinySLAM implementation for ROS (C++ version),https://github.com/OSLL/tiny-slam-ros-cpp,Ivano,2,YES,,SUBSYSTEM,GEN,,,Slam,,,YES,https://github.com/OSLL/tiny-slam-ros-cpp,
osrf/capabilities,github,master,23,0,Python,37,10,27,51,1,50,277,3,3,9,Implements the concept of capabilities as part of the robots-in-concert system.,https://github.com/osrf/capabilities,Ivano,2,YES,,SUBSYSTEM,GEN,,,Planning,Integration,,PARTIALLY,https://docs.google.com/document/d/18kAOYxSmVE1ZEQ5P1nbrJalR8vSynuqu9QFaFzxxeqY/edit,
osu-uwrt/riptide_software,github,master,49,0,C++,18,0,18,228,1,227,1246,8,0,26,The software packages which power The OSU Underwater Robotics Team's AUV.,https://github.com/osu-uwrt/riptide_software,Ivano,2,YES,,FULL_SYSTEM,Underwater,,,FULL,,,YES,https://github.com/osu-uwrt/riptide_software/blob/master/diagrams/Riptide_Software_Stack_Full.png,
OSUrobotics/ros-3d-interaction,github,indigo-devel,20,0,Python,4,1,3,1,0,1,318,10,1,4,"Contains packages for projecting interfaces into the world, and interacting with those interfaces",https://github.com/OSUrobotics/ros-3d-interaction,Ivano,2,YES,,SUBSYSTEM,GEN,,,Vision,,,NO,,
OUXT-Polaris/robotx_core,github,master,58,0,C++,6,2,4,92,0,92,581,41,0,7,core packages in robotx_packages,https://github.com/OUXT-Polaris/robotx_core,Ivano,2,YES,,FULL_SYSTEM,Acquatic,,,FULL,,,NO,,
OUXT-Polaris/robotx_packages,github,master,16,0,C++,7,5,2,105,0,105,743,15,0,7,ROS packages for Maritime RobotX Challenge,https://github.com/OUXT-Polaris/robotx_packages,Ivano,2,YES,,FULL_SYSTEM,Acquatic,,,FULL,,,NO,,
pal-robotics/perception_blort,github,hydro-devel,13,0,C++,7,6,1,21,0,21,184,5,3,7,opencv,https://github.com/pal-robotics/perception_blort,Ivano,2,YES,,SUBSYSTEM,GEN,,,Vision,,,NO,,
pal-robotics/reemc_robot,github,kinetic-devel,26,0,Python,2,0,2,5,0,5,307,8,43,23,Scripts and configuration files to launch when bringing up REEM-C.,https://github.com/pal-robotics/reemc_robot,Ivano,2,YES,,SUBSYSTEM,Service,,,Base,,,NO,,
pandora-auth-ros-pkg/pandora_ros_pkgs,github,indigo-devel,210,0,C++,0,0,0,0,0,0,1039,3,0,36,"Contains all PANDORA ROS packages, for CI purposes.",https://github.com/pandora-auth-ros-pkg/pandora_ros_pkgs,Ivano,2,YES,,FULL_SYSTEM,Ground,,,FULL,,,NO,,
Pankaj-Baranwal/pocketsphinx,github,kinetic-devel,9,0,Python,10,1,9,2,0,2,214,6,9,8,Updated ROS bindings to pocketsphinx,https://github.com/Pankaj-Baranwal/pocketsphinx,Ivano,2,YES,,SUBSYSTEM,GEN,,,Audio,,,NO,,
pantor/ros-control-center,github,master,1,0,TypeScript,21,9,12,8,0,8,118,4,2,7,A web-based control center for ROS robots.,https://github.com/pantor/ros-control-center,Ivano,2,YES,,SUBSYSTEM,GEN,,,Integration,,,NO,,
patrickelectric/bluerov_ros_playground,github,master,7,0,Python,34,18,16,3,2,1,183,16,0,2,Scripts to help BlueRov integration with ROS,https://github.com/patrickelectric/bluerov_ros_playground,Ivano,2,YES,,FULL_SYSTEM,Underwater,,,FULL,,,PARTIALLY,https://github.com/patrickelectric/bluerov_ros_playground,
pbouffard/ccny-ros-pkg-pbouffard,github,master,50,0,C,0,0,0,0,0,0,536,4,0,8,"Public repository hosting changes I've made to ccny-ros-pkg (particularly, the AscTec UAV related bits)",https://github.com/pbouffard/ccny-ros-pkg-pbouffard,Ivano,2,YES,,FULL_SYSTEM,Aerial,,,FULL,,,NO,,
PDuckworth/activity_analysis,github,master,3,0,Python,1,0,1,3,0,3,134,5,0,11,ROS activity analysis package. To manage and represent skeleton and object data about humans in indoor environments.,https://github.com/PDuckworth/activity_analysis,Ivano,2,YES,,SUBSYSTEM,GEN,,,Vision,,,NO,,
PilzDE/pilz_industrial_motion,github,kinetic-devel,47,0,C++,37,16,21,135,7,128,349,15,18,13,Industrial trajectory generation for MoveIt!.,https://github.com/PilzDE/pilz_industrial_motion,Ivano,2,YES,,SUBSYSTEM,Manu,,,Planning,,,NO,,
PilzDE/pilz_robots,github,melodic-devel,54,0,C++,24,4,20,114,7,107,189,14,19,13,PILZ robot manipulator module PRBT 6 in ROS,https://github.com/PilzDE/pilz_robots,Ivano,2,YES,,FULL_SYSTEM,Manu,,,FULL,,,NO,,
PINTO0309/zumo32u4,github,master,2,0,Python,1,0,1,0,0,0,186,2,1,2,Zumo32u4(ATmega32u4) + RaspberryPi3(RaspberryPi) + SLAM(CartoGrapher/Gmapping) + RPLiDAR A1M8,https://github.com/PINTO0309/zumo32u4,Ivano,2,YES,,FULL_SYSTEM,Ground,,,FULL,,,NO,,
Pitt-RAS/iarc7_vision,github,master,6,0,C++,1,1,0,43,0,43,395,7,2,9,Computer vision code for IARC Mission 7 (see iarc7_common for more information about the team in general),https://github.com/Pitt-RAS/iarc7_vision,Ivano,2,YES,,SUBSYSTEM,Ground,,,Vision,,,NO,,
Plymouth-Sailboat/SailBoatROS,github,master,2,0,C++,0,0,0,2,0,2,226,5,5,5,ROS Nodes for Plymouth Sailboat Project,https://github.com/Plymouth-Sailboat/SailBoatROS,Ivano,2,YES,,FULL_SYSTEM,Acquatic,,,FULL,,,YES,https://github.com/Plymouth-Sailboat/SailBoatROS/wiki/Sailrobot-Package,
PR2/pr2_apps,github,melodic-devel,17,0,C++,10,5,5,26,0,26,286,9,43,30,,https://github.com/PR2/pr2_apps,Ivano,2,YES,,FULL_SYSTEM,Service,,,FULL,,,NO,,
PR2/pr2_common_actions,github,kinetic-devel,1,0,C++,25,8,17,13,0,13,201,11,34,23,,https://github.com/PR2/pr2_common_actions,Ivano,2,YES,,SUBSYSTEM,Service,,,Control,Sensing,,NO,,
PR2/pr2_controllers,github,melodic-devel,1,0,C++,377,40,337,14,4,10,346,17,77,31,The controllers that run in realtime on the PR2 and supporting packages.,https://github.com/PR2/pr2_controllers,Ivano,2,YES,,SUBSYSTEM,Service,,,Control,,,NO,,
PR2/pr2_mechanism,github,melodic-devel,7,0,C++,320,19,301,19,2,17,311,18,69,30,Infrastructure to control the PR2 robot in a hard realtime control loop.,https://github.com/PR2/pr2_mechanism,Ivano,2,YES,,SUBSYSTEM,Service,,,Control,,,NO,,
PR2/pr2_navigation,github,kinetic-devel,20,0,C++,12,5,7,28,0,28,225,9,36,26,,https://github.com/PR2/pr2_navigation,Ivano,2,YES,,SUBSYSTEM,Service,,,Navigation,,,NO,,
PR2/pr2_plugs,github,hydro-devel,13,0,C++,71,14,57,3,0,3,398,13,69,26,,https://github.com/PR2/pr2_plugs,Ivano,2,YES,,SUBSYSTEM,Service,,,Control,Planning,,NO,,
PR2/pr2_robot,github,kinetic-devel,21,0,Python,234,25,209,25,6,19,445,17,84,39,PR2-specific components that are used in bringing up a robot.,https://github.com/PR2/pr2_robot,Ivano,2,YES,,SUBSYSTEM,Service,,,Base,,,NO,,
PR2/pr2_self_test,github,hydro-devel,11,0,C++,4,1,3,4,0,4,1057,8,33,46,,https://github.com/PR2/pr2_self_test,Ivano,2,YES,,SUBSYSTEM,Service,,,Infrastructural,,,NO,,
prajankya/AgriMapper,github,master,20,0,C++,13,2,11,2,0,2,249,4,0,2,A Precision Horticulture 2D Vegetation Mapping Robot,https://github.com/prajankya/AgriMapper,Ivano,2,YES,,FULL_SYSTEM,Ground,,,FULL,,,NO,,Autonomous robot for agriculture
projectcosys/cosys-ros-pkg,bitbucket,indigo-jetson,37,0,python,0,0,0,0,0,0,139,9,,9,COSYS-ROS-PKG is a ros package for collaborative wheelchair systems within a smart home setting. Our system could benefit older adults who need assistive powered wheelchairs in their residence to help them with activities of daily living. The wheelchair is equipped with low cost sensors  1. Microsoft Kinect 2. Incremental Encoders 3. Inertial Measurement Unit 4. Dynamixel Servo Motors for Pan-Tilt Unit 3. Android Device for User Interface It runs on embedded linux platform on  1. Raspberry Pi 2. Intel Edison 3. Arduino Additional information can be found here: www.projectcosys.org,https://bitbucket.org/projectcosys/cosys-ros-pkg,Ivano,2,YES,,FULL_SYSTEM,Service,,,FULL,,,NO,,
PX4/avoidance,github,master,16,0,C++,109,13,96,289,7,282,839,54,2,26,PX4 avoidance ROS node for obstacle detection and avoidance.,https://github.com/PX4/avoidance,Ivano,2,YES,,SUBSYSTEM,Aerial,,,Vision,,,PARTIALLY,https://github.com/PX4/avoidance#message-flow,
PX4/px4_ros_com,github,master,0,1,Python,27,11,16,2,0,2,101,3,1,4,ROS2/ROS interface with PX4 through a Fast-RTPS bridge,https://github.com/PX4/px4_ros_com,Ivano,2,YES,,SUBSYSTEM,Aerial,,,Integration,,,NO,,
rapp-project/rapp-platform,github,master,48,0,Python,327,27,300,35,0,35,1518,18,9,17,RAPP Platform is a collection of ROS nodes and back-end processes that aim to deliver ready-to-use generic services to robots,https://github.com/rapp-project/rapp-platform,Ivano,2,YES,,SUBSYSTEM,GEN,,,Integration,,,PARTIALLY,https://github.com/rapp-project/rapp-platform/wiki/RAPP-Architecture,Cloud robotics
RCPRG-ros-pkg/elektron_kinectbot,github,master,13,0,C++,0,0,0,0,0,0,102,2,0,5,,https://github.com/RCPRG-ros-pkg/elektron_kinectbot,Ivano,2,YES,,FULL_SYSTEM,Service,,,FULL,,,NO,,
RCPRG-ros-pkg/elektron_robot,github,master,11,0,C++,0,0,0,1,0,1,102,3,0,7,Stack for controling elektron mobile robot,https://github.com/RCPRG-ros-pkg/elektron_robot,Ivano,2,YES,,SUBSYSTEM,Service,,,Vision,Sensing,Control,NO,,
redbirdrobotics/ros_redbird_m7a,github,master,2,0,Python,1,1,0,23,0,23,227,8,0,12,ROS packages for the Redbird Robotics IARC Mission 7a competition.,https://github.com/redbirdrobotics/ros_redbird_m7a,Ivano,2,YES,,FULL_SYSTEM,Aerial,,,FULL,,,NO,,
ridgeback/ridgeback,github,kinetic-devel,9,0,C++,4,3,1,24,0,24,134,6,15,7,Common packages for Ridgeback.,https://github.com/ridgeback/ridgeback,Ivano,2,YES,,SUBSYSTEM,Ground,,,Base,,,NO,,Clearpath Ridgeback
ridgeback/ridgeback_robot,github,kinetic-devel,2,0,C++,5,0,5,20,0,20,205,4,14,7,Robot packages for Ridgeback.,https://github.com/ridgeback/ridgeback_robot,Ivano,2,YES,,SUBSYSTEM,Ground,,,Control,Navigation,Sensing,NO,,Clearpath Ridgeback
RightHandRobotics/reflex-ros-pkg,github,master,10,0,C,5,3,2,35,1,34,473,16,0,23,This repo contains base ROS code for controlling the Right Hand Robotics ReFlex hand. More info at www.righthandrobotics.com,https://github.com/RightHandRobotics/reflex-ros-pkg,Ivano,2,YES,,FULL_SYSTEM,Manu,,,FULL,,,NO,,
RIVeR-Lab/wpi_jaco,github,develop,60,0,C++,27,8,19,27,1,26,347,4,25,13,ROS Packages for the JACO Arm Developed at WPI,https://github.com/RIVeR-Lab/wpi_jaco,Ivano,2,YES,,FULL_SYSTEM,Manu,,,FULL,,,NO,,
roadnarrows-robotics/hekateros,github,master,20,0,Python,3,2,1,3,0,3,355,6,2,11,RoadNarrows Hekateros Robotic Manipulator ROS Package,https://github.com/roadnarrows-robotics/hekateros,Ivano,2,YES,,FULL_SYSTEM,Manu,,,FULL,,,NO,,
RoboJackets/igvc-software,github,master,37,0,C++,228,28,200,212,4,208,6686,22,0,95,The code base for our Intelligent Ground Vehicle Competition team.,https://github.com/RoboJackets/igvc-software,Ivano,2,YES,,FULL_SYSTEM,Ground,,,FULL,,,YES,https://wiki.robojackets.org/images/f/f2/IGVC_Design_report_2019.pdf,
RoboJackets/roboracing-software,github,master,71,0,C++,138,27,111,108,9,99,934,41,0,39,ROS packages for the RoboJackets RoboRacing team.,https://github.com/RoboJackets/roboracing-software,Ivano,2,YES,,SUBSYSTEM,Ground,,,Base,,,YES,https://wiki.robojackets.org/images/f/f2/IGVC_Design_report_2019.pdf,
RoboSherlock/robosherlock,github,master,1,0,C++,13,5,8,158,3,155,540,4,1,18,,https://github.com/RoboSherlock/robosherlock,Ivano,2,YES,,SUBSYSTEM,GEN,,,Vision,,,PARTIALLY,https://ieeexplore.ieee.org/abstract/document/8023492,
robotican/lizi,github,master,14,0,C++,3,2,1,0,0,0,102,3,4,3,,https://github.com/robotican/lizi,Ivano,2,YES,,FULL_SYSTEM,Ground,,,FULL,,,PARTIALLY,https://github.com/robotican/lizi,
robotics-in-concert/rocon_multimaster,github,devel,75,0,Python,271,22,249,82,1,81,1132,12,41,18,Key components for ros multimaster systems,https://github.com/robotics-in-concert/rocon_multimaster,Ivano,2,YES,,SUBSYSTEM,GEN,,,Infrastructural,,,PARTIALLY,http://wiki.ros.org/rocon/indigo/Guide,
robotics-upo/upo_robot_navigation,github,master,32,0,C++,3,3,0,0,0,0,195,2,0,9,Metapackage of ROS that contains the packages involved in the navigation system of the UPO robotics lab,https://github.com/robotics-upo/upo_robot_navigation,Ivano,2,YES,,SUBSYSTEM,Ground,,,Navigation,,,NO,,
ROBOTIS-GIT/ROBOTIS-OP3,github,master,2,0,C++,41,0,41,30,1,29,274,10,4,15,ROS packages for the ROBOTIS OP3,https://github.com/ROBOTIS-GIT/ROBOTIS-OP3,Ivano,2,YES,,FULL_SYSTEM,Humanoid ,,,FULL,,,YES,http://emanual.robotis.com/docs/en/platform/op3/robotis_ros_packages/#robotis-ros-packages,
ROBOTIS-GIT/ROBOTIS-THORMANG-MPC,github,master,2,0,C++,5,0,5,28,0,28,320,12,5,15,"ROS packages for the motion of THORMANG3, MPC means Motion PC.",https://github.com/ROBOTIS-GIT/ROBOTIS-THORMANG-MPC,Ivano,2,YES,,FULL_SYSTEM,Humanoid ,,,FULL,,,YES,http://emanual.robotis.com/docs/en/platform/thormang3/thormang3_ros_packages/#thormang3-ros-packages,
ROBOTIS-GIT/turtlebot3,github,master,27,0,Python,290,15,275,143,1,142,440,8,9,23,ROS packages for Turtlebot3,https://github.com/ROBOTIS-GIT/turtlebot3,Ivano,1,YES,,FULL_SYSTEM,Ground,,,FULL,,,YES,http://emanual.robotis.com/docs/en/platform/turtlebot3/teleoperation/,
ros-aldebaran/romeo_robot,github,master,6,0,Python,4,1,3,19,2,17,129,2,19,9,ROS stack for Aldebaran's Romeo robot,https://github.com/ros-aldebaran/romeo_robot,Ivano,2,YES,,SUBSYSTEM,Humanoid ,,,Base,,,NO,,
ros-controls/ros_control,github,melodic-devel,7,0,C++,166,51,115,216,10,206,747,13,50,43,Generic and simple controls framework for ROS,https://github.com/ros-controls/ros_control,Ivano,1,YES,,SUBSYSTEM,GEN,,,Control,,,PARTIALLY,https://hal.archives-ouvertes.fr/hal-01662418/document,
ros-controls/ros_controllers,github,melodic-devel,59,0,C++,169,69,100,252,20,232,739,13,40,58,Generic robotic controllers to accompany ros_control,https://github.com/ros-controls/ros_controllers,Ivano,1,YES,,SUBSYSTEM,GEN,,,Control,,,NO,,
ros-drivers/audio_common,github,master,6,0,Python,76,29,47,46,4,42,245,6,31,40,Common code for working with audio in ROS,https://github.com/ros-drivers/audio_common,Ivano,2,YES,,SUBSYSTEM,GEN,,,Audio,,,NO,,
ros-industrial-consortium/descartes,github,melodic-devel,2,0,C++,111,29,82,127,6,121,398,9,4,19,ROS-Industrial Special Project: Cartesian Path Planner,https://github.com/ros-industrial-consortium/descartes,Ivano,2,YES,,SUBSYSTEM,Manu,,,Planning,,,NO,,
ros-industrial-consortium/trajopt_ros,github,kinetic-devel,26,0,C++,55,45,10,52,8,44,273,2,0,9,Trajectory Optimization Motion Planner for ROS,https://github.com/ros-industrial-consortium/trajopt_ros,Ivano,2,YES,,SUBSYSTEM,Manu,,,Planning,,,NO,,
ros-industrial/abb,github,kinetic-devel,93,0,C++,72,13,59,95,5,90,268,8,12,27,ROS-Industrial ABB meta-package (http://wiki.ros.org/abb),https://github.com/ros-industrial/abb,Ivano,2,YES,,FULL_SYSTEM,Manu,,,FULL,,,NO,,
ros-industrial/abb_experimental,github,kinetic-devel,216,0,CMake,29,4,25,82,9,73,134,4,0,18,ROS-Industrial ABB experimental meta-package (http://wiki.ros.org/abb_experimental),https://github.com/ros-industrial/abb_experimental,Ivano,2,YES,,FULL_SYSTEM,Manu,,,FULL,,,NO,,
ros-industrial/fanuc,github,indigo-devel,579,0,C++,156,29,127,109,6,103,461,6,11,11,ROS-Industrial Fanuc meta-package (http://wiki.ros.org/fanuc),https://github.com/ros-industrial/fanuc,Ivano,2,YES,,FULL_SYSTEM,Manu,,,FULL,,,NO,,
ros-industrial/fanuc_experimental,github,indigo-devel,40,0,C++,23,1,22,20,8,12,234,4,0,7,Experimental packages for Fanuc manipulators within ROS-Industrial (http://wiki.ros.org/fanuc_experimental),https://github.com/ros-industrial/fanuc_experimental,Ivano,2,YES,,FULL_SYSTEM,Manu,,,FULL,,,NO,,
ros-industrial/industrial_core,github,kinetic-devel,6,0,C++,104,36,68,125,8,117,330,10,13,38,ROS-Industrial core meta-package (http://wiki.ros.org/industrial_core),https://github.com/ros-industrial/industrial_core,Ivano,2,YES,,SUBSYSTEM,Manu,,,Base,,,NO,,
ros-industrial/industrial_moveit,github,melodic-devel,50,0,C++,32,16,16,60,3,57,621,7,2,30,ROS-Industrial movit meta-package (http://wiki.ros.org/industrial_moveit),https://github.com/ros-industrial/industrial_moveit,Ivano,2,YES,,SUBSYSTEM,Manu,,,Planning,,,NO,,
ros-industrial/kuka_experimental,github,indigo-devel,45,0,C++,87,22,65,67,14,53,112,3,0,15,Experimental packages for KUKA manipulators within ROS-Industrial (http://wiki.ros.org/kuka_experimental),https://github.com/ros-industrial/kuka_experimental,Ivano,2,YES,,FULL_SYSTEM,Manu,,,FULL,,,NO,,
ros-industrial/motoman,github,kinetic-devel,135,0,C++,136,55,81,142,12,130,512,9,7,39,ROS-Industrial Motoman meta-package (http://wiki.ros.org/motoman),https://github.com/ros-industrial/motoman,Ivano,2,YES,,FULL_SYSTEM,Manu,,,FULL,,,NO,,
ros-industrial/staubli_experimental,github,kinetic-devel,45,0,TeX,19,8,11,14,2,12,101,4,0,5,Experimental packages for Staubli manipulators within ROS-Industrial (http://wiki.ros.org/staubli_experimental),https://github.com/ros-industrial/staubli_experimental,Ivano,2,YES,,FULL_SYSTEM,Manu,,,FULL,,,NO,,
ros-industrial/universal_robot,github,kinetic-devel,199,0,Python,212,28,184,214,18,196,685,10,16,63,ROS-Industrial universal robot meta-package (http://wiki.ros.org/universal_robot),https://github.com/ros-industrial/universal_robot,Ivano,2,YES,,FULL_SYSTEM,Manu,,,FULL,,,NO,,
ros-interactive-manipulation/pr2_object_manipulation,github,groovy-devel,52,0,C++,15,12,3,51,0,51,224,5,6,23,PR2-specific functionality related to pickup and place tasks.,https://github.com/ros-interactive-manipulation/pr2_object_manipulation,Ivano,2,YES,,FULL_SYSTEM,Service,Manu,,FULL,,,NO,,
ros-naoqi/naoqi_bridge,github,master,14,0,Python,14,8,6,79,2,77,563,4,15,41,ROS stack to interact with NAOqi,https://github.com/ros-naoqi/naoqi_bridge,Ivano,2,YES,,FULL_SYSTEM,Humanoid ,,,FULL,,,NO,,
ros-perception/image_common,github,hydro-devel,1,0,C++,63,26,37,65,14,51,352,19,87,37,The image_common of http://www.ros.org/wiki/image_common has moved to github,https://github.com/ros-perception/image_common,Ivano,2,YES,,SUBSYSTEM,GEN,,,Vision,,,NO,,
ros-perception/image_pipeline,github,melodic,6,0,C++,228,48,180,190,23,167,868,29,118,97,An image processing pipeline for ROS.,https://github.com/ros-perception/image_pipeline,Ivano,2,YES,,SUBSYSTEM,GEN,,,Infrastructural,,,YES,http://wiki.ros.org/image_pipeline,
ros-perception/laser_filters,github,indigo-devel,10,0,C++,21,9,12,56,7,49,170,13,60,35,"Assorted filters designed to operate on 2D planar laser scanners, which use the sensor_msgs/LaserScan type.",https://github.com/ros-perception/laser_filters,Ivano,2,YES,,SUBSYSTEM,GEN,,,Sensing,,,YES,https://github.com/ros-perception/laser_filters/blob/indigo-devel/doc/node_organization.svg,
ros-perception/opencv_apps,github,indigo,56,0,C++,24,10,14,70,12,58,224,3,7,18,http://wiki.ros.org/opencv_apps,https://github.com/ros-perception/opencv_apps,Ivano,2,YES,,SUBSYSTEM,GEN,,,Integration,,,YES,http://wiki.ros.org/opencv_apps,
ros-perception/slam_gmapping,github,hydro-devel,7,0,C++,45,22,23,30,5,25,164,3,41,32,http://www.ros.org/wiki/slam_gmapping,https://github.com/ros-perception/slam_gmapping,Ivano,2,YES,,SUBSYSTEM,GEN,,,Slam,,,NO,,
ros-planning/moveit,github,master,56,0,C++,599,259,340,893,24,869,6615,8,43,232,:robot: The MoveIt! motion planning framework,https://github.com/ros-planning/moveit,Ivano,1,YES,,SUBSYSTEM,Manu,,,Planning,Control,,PARTIALLY, https://moveit.ros.org/documentation/concepts/,
ros-planning/moveit_pr2,github,kinetic-devel,53,0,C++,30,2,28,71,2,69,675,23,48,33,MoveIt! Packages for PR2,https://github.com/ros-planning/moveit_pr2,Ivano,2,YES,,SUBSYSTEM,Manu,,,Planning,Control,,NO,,
ros-planning/navigation,github,melodic-devel,38,0,C++,339,65,274,550,39,511,1824,15,115,130,ROS Navigation stack.  Code for finding where the robot is and how it can get somewhere else.,https://github.com/ros-planning/navigation,Ivano,1,YES,,SUBSYSTEM,Ground,,,Navigation,Planning,,YES,http://wiki.ros.org/navigation/Tutorials/RobotSetup,
ros-planning/navigation_experimental,github,kinetic-devel,7,0,C++,16,0,16,22,0,22,262,8,21,27,Experimental navigation techniques for ROS robots.,https://github.com/ros-planning/navigation_experimental,Ivano,2,YES,,SUBSYSTEM,Ground,,,Navigation,Planning,,NO,,
ros-planning/navigation2,github,master,3,11,C++,350,130,220,456,23,433,661,11,9,22,ROS2 Navigation,https://github.com/ros-planning/navigation2,Ivano,2,YES,,SUBSYSTEM,Ground,,,Navigation,Planning,,YES,https://github.com/ros-planning/navigation2/blob/master/doc/design/ROS_COMPARISON.md,ROS2 version of ros_planning?navigation
ROS-PSE/arni,github,master,21,0,Python,17,4,13,4,0,4,536,6,7,13,this is the codebase of the Advanced ROS Network Introspection.,https://github.com/ROS-PSE/arni,Ivano,2,YES,,SUBSYSTEM,GEN,,,DevSupport,,,YES,https://github.com/ROS-PSE/arni/blob/master/ARNI_dataflow.png,
ros/actionlib,github,indigo-devel,15,0,C++,55,28,27,86,16,70,739,11,99,67,"Provides a standardized interface for interfacing with preemptable tasks. Examples of this include moving the base to a target location, performing a laser scan and returning the resulting point cloud, detecting the handle of a door, etc.",https://github.com/ros/actionlib,Ivano,2,YES,,SUBSYSTEM,GEN,,,Infrastructural,,,PARTIALLY,http://wiki.ros.org/actionlib,
ros/bond_core,github,kinetic-devel,4,0,C++,16,6,10,35,4,31,546,7,73,41,Maintains a bond (i.e. heart beat ) between ROS nodes and provides feedback when the bond is broken,https://github.com/ros/bond_core,Ivano,2,YES,,SUBSYSTEM,GEN,,,Infrastructural,,,NO,,
ros/diagnostics,github,indigo-devel,24,0,C++,48,13,35,63,11,52,997,10,72,68,"Packages related to gathering, viewing, and analyzing diagnostics data from robots.",https://github.com/ros/diagnostics,Ivano,2,YES,,SUBSYSTEM,GEN,,,DevSupport,,,NO,,
ros/dynamic_reconfigure,github,melodic-devel,4,0,Python,64,20,44,72,13,59,544,5,78,39,,https://github.com/ros/dynamic_reconfigure,Ivano,2,YES,,SUBSYSTEM,GEN,,,Infrastructural,,,NO,,
ros/executive_smach,github,indigo-devel,7,0,Python,27,16,11,37,10,27,155,6,14,28,A procedural python-based task execution framework with ROS integration.,https://github.com/ros/executive_smach,Ivano,1,YES,,SUBSYSTEM,GEN,,,Planning,,,NO,,
ros/geometry2,github,melodic-devel,11,0,C++,151,38,113,234,12,222,1392,12,49,111,A set of ROS packages for keeping track of coordinate transforms.,https://github.com/ros/geometry2,Ivano,1,YES,,SUBSYSTEM,GEN,,,Integration,,,PARTIALLY,http://wiki.ros.org/tf2/Design,
ros/nodelet_core,github,indigo-devel,10,0,C++,42,13,29,45,5,40,623,11,92,47,"Allows one to create ""nodelets"" -- ROS node-like entities that run within the same process so as to avoid IPC and serialization overhead",https://github.com/ros/nodelet_core,Ivano,2,YES,E8,SUBSYSTEM,GEN,,,Infrastructural,,,NO,,
rosflight/rosflight,github,master,9,0,C++,40,14,26,53,2,51,539,19,6,21,ROS stack for the ROSflight autopilot,https://github.com/rosflight/rosflight,Ivano,2,YES,,SUBSYSTEM,Aerial,,,Control,,,YES,http://wiki.ros.org/rosflight,Additional doc: http://rosflight.org/
rosjava/android_core,github,kinetic,1,0,Java,214,35,179,91,3,88,431,7,10,22,Android libraries for rosjava,https://github.com/rosjava/android_core,Ivano,2,YES,,SUBSYSTEM,GEN,,,Integration,,,NO,,
rospilot/rospilot,github,master,2,0,C++,42,4,38,53,0,53,398,6,38,4,"An autopilot based on Linux, Ardupilot, and ROS",https://github.com/rospilot/rospilot,Ivano,2,YES,,SUBSYSTEM,Aerial,,,Control,,,NO,,
RoverRobotics/rr_openrover_basic,github,master,3,0,C++,16,5,11,4,1,3,280,8,10,9,If you have purchased the basic version of the OpenRover this code will allow you to communicate with your OpenRover using ROS,https://github.com/RoverRobotics/rr_openrover_basic,Ivano,2,YES,,SUBSYSTEM,Ground,,,Control,,,YES,http://wiki.ros.org/rr_openrover_basic,
rst-tu-dortmund/pxpincher_ros,github,kinetic-devel,5,0,C++,14,6,8,1,0,1,135,3,0,8,Hardware and support package for the PhantomX Pincher robot arm,https://github.com/rst-tu-dortmund/pxpincher_ros,Ivano,2,YES,,SUBSYSTEM,Manu,,,Control,,,NO,,
rst-tu-dortmund/teb_local_planner,github,kinetic-devel,1,0,C++,107,40,67,35,12,23,275,12,45,11,An optimal trajectory planner considering distinctive topologies for mobile robots based on Timed-Elastic-Bands (ROS Package),https://github.com/rst-tu-dortmund/teb_local_planner,Ivano,2,YES,,SUBSYSTEM,Ground,,,Planning,,,YES,http://wiki.ros.org/teb_local_planner#Node_API,
rt-net/crane_x7_ros,github,master,34,0,C++,37,3,34,51,0,51,286,6,0,8,CRANE-X7 ROS„Éë„ÉÉ„Ç±„Éº„Ç∏,https://github.com/rt-net/crane_x7_ros,Ivano,2,YES,,SUBSYSTEM,Manu,,,Control,,,NO,,
sbrodeur/ros-icreate-bbb,github,master,15,0,C++,40,7,33,0,0,0,140,2,0,3,ROS (Robotic Operating System) packages for the iRobot Create with onboard BeagleBone Black,https://github.com/sbrodeur/ros-icreate-bbb,Ivano,1,YES,,FULL_SYSTEM,Service,,,FULL,,,NO,,
ScazLab/baxter_tictactoe,github,master,5,0,C++,14,1,13,14,0,14,595,4,0,11,Playing TicTacToe with the Baxter collaborative robot.,https://github.com/ScazLab/baxter_tictactoe,Ivano,1,YES,,FULL_SYSTEM,Manu,,,FULL,,,NO,,
ScazLab/ros_speech2text,github,master,2,0,Python,21,3,18,2,0,2,193,4,0,7,A ROS package that uses Google Cloud Speech to provide speech to text service,https://github.com/ScazLab/ros_speech2text,Ivano,1,YES,,SUBSYSTEM,GEN,,,Integration,,,NO,,
Scheik/ROS-Workspace,github,master,20,0,C++,6,2,4,0,0,0,710,3,5,6,Catkin workspace for my ROS driven mobile robot,https://github.com/Scheik/ROS-Workspace,Ivano,1,YES,,FULL_SYSTEM,Ground,,,FULL,,,YES,http://www.the-starbearer.de/,
seed-solutions/aero-ros-pkg,github,master,53,0,C++,129,39,90,278,7,271,2040,7,5,21,AERO (SEEDNOID) ROS Package,https://github.com/seed-solutions/aero-ros-pkg,Ivano,1,YES,,FULL_SYSTEM,Service,,,FULL,,,NO,,
shadow-robot/sr-teleop,github,kinetic-devel,4,0,C++,12,8,4,39,2,37,1375,20,0,29,Teleoperation ROS stack from Shadow Robot.,https://github.com/shadow-robot/sr-teleop,Ivano,1,YES,,SUBSYSTEM,Manu,,,Control,,,NO,,
sigmaai/self-driving-golf-cart,github,master,30,0,Makefile,9,2,7,5,0,5,436,6,5,6,Be Driven üöò,https://github.com/sigmaai/self-driving-golf-cart,Ivano,1,YES,,FULL_SYSTEM,Selfdriving_car,,,FULL,,,PARTIALLY,https://github.com/sigmaai/self-driving-golf-cart,
sigproc/qbo_sigproc,github,master,36,0,C++,0,0,0,17,0,17,153,12,0,7,A ROS stack for SigProc's Q.bo,https://github.com/sigproc/qbo_sigproc,Ivano,1,YES,,FULL_SYSTEM,Service,,,FULL,,,NO,,
simlabrobotics/allegro_hand_ros,github,master,4,0,C++,0,0,0,2,0,2,102,3,0,7,ROS stack for SimLab's Allegro Hand,https://github.com/simlabrobotics/allegro_hand_ros,Ivano,1,YES,,SUBSYSTEM,Manu,,,Control,Planning,,NO,,
SJSU-AD/FusionAD,github,develop,50,0,C++,140,25,115,118,1,117,312,6,1,12,An open source autonomous driving stack by San Jose State University Autonomous Driving Team,https://github.com/SJSU-AD/FusionAD,Ivano,1,YES,,FULL_SYSTEM,Selfdriving_car,,,FULL,,,PARTIALLY,https://github.com/SJSU-AD/FusionAD,
sjtu-automatic-maritime-system/Sailboat-Ros,github,kinetic,21,0,C++,11,0,11,9,0,9,262,5,2,6,SJTU Autonomous sailboat project,https://github.com/sjtu-automatic-maritime-system/Sailboat-Ros,Ivano,1,YES,,FULL_SYSTEM,Acquatic,,,FULL,,,NO,,
skasperski/navigation_2d,github,master,4,0,C++,46,5,41,7,1,6,154,11,12,3,ROS nodes to navigate a mobile robot in a planar environment,https://github.com/skasperski/navigation_2d,Ivano,1,YES,,SUBSYSTEM,Ground,,,Navigation,Planning,Slam,NO,,
sonia-auv/proc_image_processing,github,master,1,0,C++,0,0,0,4,0,4,109,5,0,12,Node that reads images from ros and apply filterchains,https://github.com/sonia-auv/proc_image_processing,Ivano,1,YES,,SUBSYSTEM,GEN,,,Vision,,,NO,,
sourishg/jackal-navigation,github,master,3,0,C++,1,1,0,0,0,0,115,3,0,3,ROS package for local obstacle avoidance using stereo RGB cameras on the Jackal,https://github.com/sourishg/jackal-navigation,Ivano,1,YES,,SUBSYSTEM,Ground,,,Vision,Navigation,,NO,,
Soy-Robotics/roch,github,indigo,71,0,C++,1,1,0,16,0,16,115,4,14,9,ros project of Roch from roch_project,https://github.com/Soy-Robotics/roch,Ivano,1,YES,,FULL_SYSTEM,Service,,,FULL,,,NO,,
spencer-project/spencer_people_tracking,github,master,58,0,C++,47,16,31,19,4,15,243,6,0,7,Multi-modal ROS-based people detection and tracking framework for mobile robots developed within the context of the EU FP7 project SPENCER.,https://github.com/spencer-project/spencer_people_tracking,Ivano,1,YES,,SUBSYSTEM,GEN,,,Vision,,,PARTIALLY,https://github.com/spencer-project/spencer_people_tracking,
start-jsk/denso,github,kinetic-devel,46,0,Common Lisp,45,9,36,55,3,52,268,5,24,12,A controller package suite for robots from Densowave based on open-industrial-ros-controllers,https://github.com/start-jsk/denso,Ivano,1,YES,,SUBSYSTEM,Manu,,,Control,,,PARTIALLY,http://wiki.ros.org/denso#Module_Relations,
start-jsk/rtmros_common,github,master,33,0,Common Lisp,465,45,420,599,28,571,4036,3,28,76,OpenRTM - ROS interoperability packages,https://github.com/start-jsk/rtmros_common,Ivano,1,YES,,SUBSYSTEM,GEN,,,Integration,,,PARTIALLY,http://wiki.ros.org/rtmros_common/Tutorials/GettingStart,
start-jsk/rtmros_hironx,github,indigo-devel,37,0,Common Lisp,199,46,153,334,18,316,1171,5,56,25,hironx controller and applications using rtmros packages,https://github.com/start-jsk/rtmros_hironx,Ivano,1,YES,,SUBSYSTEM,Manu,,,Control,Planning,,PARTIALLY,http://wiki.ros.org/rtmros_hironx,
sterlingm/ramp,github,master,27,0,C++,45,8,37,0,0,0,712,17,0,5,This is a ROS metapackage that implements the Real-time Adaptive Motion Planning algorithm.,https://github.com/sterlingm/ramp,Ivano,1,YES,,SUBSYSTEM,Ground,,,Planning,,,NO,,
super-owesome/bobble_controllers,github,master,9,0,Jupyter Notebook,0,0,0,0,0,0,264,11,2,5,"ROS controllers for self balancing robot, Bobble-Bot.",https://github.com/super-owesome/bobble_controllers,Ivano,1,YES,,SUBSYSTEM,Ground,,,Control,,,NO,,Robot: Bobble-Bot
Tabjones/pacman_vision,bitbucket,master,2,0,c++,0,0,0,0,0,0,346,6,,4,"Pacman vision module, ROS node.",https://bitbucket.org/Tabjones/pacman_vision,Ivano,1,YES,,SUBSYSTEM,GEN,,,Vision,,,PARTIALLY,https://github.com/Tabjones/pacman_vision/wiki,
team-vigir/flexbe_behavior_engine,github,master,6,0,Python,52,25,27,20,2,18,294,14,4,21,Contains the behavior engine FlexBE.,https://github.com/team-vigir/flexbe_behavior_engine,Ivano,1,YES,,SUBSYSTEM,GEN,,,Planning,,,YES,http://philserver.bplaced.net/fbe/documentation.php,
team-vigir/vigir_footstep_planning_core,github,master,15,0,C++,2,0,2,1,0,1,117,5,1,7,Provides the generic footstep planner,https://github.com/team-vigir/vigir_footstep_planning_core,Ivano,1,YES,,SUBSYSTEM,Service,,,Planning,,,PARTIALLY,http://wiki.ros.org/vigir_footstep_planning#Terrain_Generation,Footstep planner
Texas-Aerial-Robotics/Controls-ROS,github,master,6,0,C++,0,0,0,4,0,4,153,4,0,18,,https://github.com/Texas-Aerial-Robotics/Controls-ROS,Ivano,1,YES,,FULL_SYSTEM,Aerial,,,FULL,,,NO,,
theconstructcore/people,bitbucket,master,9,0,NA,0,0,0,0,0,0,110,14,,11,Cloned from https://github.com/wg-perception/people.git so that we can update face_detector/param/classifier.yaml to work with ROS Kinetic,https://bitbucket.org/theconstructcore/people,Ivano,1,YES,,SUBSYSTEM,GEN,,,Vision,,,NO,,
tork-a/jog_control,github,master,20,0,C++,14,5,9,18,1,17,119,4,1,3,,https://github.com/tork-a/jog_control,Ivano,1,YES,,SUBSYSTEM,Manu,,,Control,,,NO,,
tork-a/roswww,github,develop,3,0,Python,19,8,11,29,0,29,103,4,13,10,Tiny web server for ROS (forked from https://github.com/jihoonl/roswww),https://github.com/tork-a/roswww,Ivano,1,YES,,SUBSYSTEM,GEN,,,Integration,,,NO,,Lightweight web server for ROS nodes
tork-a/rtmros_nextage,github,indigo-devel,42,0,C++,185,36,149,177,16,161,518,6,54,14,ROS-OpenRTM-based opensource robot controller software for dual-armed robot Nextage from Kawada Industries,https://github.com/tork-a/rtmros_nextage,Ivano,1,YES,,SUBSYSTEM,Manu,,,Control,,,NO,,
tork-a/spur,github,master,19,0,Python,13,6,7,59,2,57,178,2,11,4,"ROS package suite for SPUR, mobile base robot with extensible arm made at Tamagawa University.",https://github.com/tork-a/spur,Ivano,1,YES,,FULL_SYSTEM,Ground,Manu,,FULL,,,NO,,
traclabs/trac_ik,bitbucket,master,1,0,NA,57,24,33,18,18,0,266,2,,15,Public repository for the current stable version of the TRACLabs' IK solver.,https://bitbucket.org/traclabs/trac_ik,Ivano,1,YES,,SUBSYSTEM,Humanoid ,,,Planning,,,NO,,Paper: https://personal.traclabs.com/~pbeeson/papers/Beeson-humanoids-15.pdf
tu-darmstadt-ros-pkg/hector_calibration,github,master,23,0,C++,1,0,1,0,0,0,100,10,0,3,"ROS packages related to calibration of robots and subsystems (cameras, LIDAR, kinematics)",https://github.com/tu-darmstadt-ros-pkg/hector_calibration,Ivano,1,YES,,SUBSYSTEM,Aerial,,,Infrastructural,,,NO,,
tu-darmstadt-ros-pkg/hector_localization,github,catkin,1,0,C++,11,9,2,7,0,7,236,12,10,10,"The hector_localization stack is a collection of packages, that provide the full 6DOF pose of a robot or platform.",https://github.com/tu-darmstadt-ros-pkg/hector_localization,Ivano,1,YES,,SUBSYSTEM,Aerial,,,Localization,,,NO,,
tu-darmstadt-ros-pkg/hector_navigation,github,catkin,10,0,C++,11,8,3,4,2,2,201,14,0,22,hector_navigation provides packages related to navigation of unmanned vehicles in USAR environments.,https://github.com/tu-darmstadt-ros-pkg/hector_navigation,Ivano,1,YES,,SUBSYSTEM,Aerial,,,Navigation,,,NO,,
tu-darmstadt-ros-pkg/hector_slam,github,catkin,15,0,C++,43,22,21,19,8,11,259,22,14,17,hector_slam contains ROS packages related to performing SLAM in unstructed environments like those encountered in the Urban Search and Rescue (USAR) scenarios of the RoboCup Rescue competition.,https://github.com/tu-darmstadt-ros-pkg/hector_slam,Ivano,1,YES,,SUBSYSTEM,Aerial,,,Slam,,,NO,,
tu-darmstadt-ros-pkg/hector_vision,github,kinetic-devel,43,0,C++,3,0,3,0,0,0,242,22,0,29,Vision related packages developed within Team Hector/TU Darmstadt,https://github.com/tu-darmstadt-ros-pkg/hector_vision,Ivano,1,YES,,SUBSYSTEM,Aerial,,,Vision,,,NO,,
tue-robotics/ed,github,master,1,0,C++,58,5,53,31,2,29,719,16,7,21,Environment Descriptor,https://github.com/tue-robotics/ed,Ivano,1,YES,,SUBSYSTEM,GEN,,,Infrastructural,,,PARTIALLY,https://github.com/tue-robotics/ed,
tum-phoenix/phx_quadrocopter_ros,github,master,44,0,Python,5,4,1,2,0,2,782,6,0,40,The ROS packages for the TUM Phoenix Autonomous Flight Project,https://github.com/tum-phoenix/phx_quadrocopter_ros,Ivano,1,YES,,FULL_SYSTEM,Aerial,,,FULL,,,NO,,
turtlebot/turtlebot,github,kinetic,49,0,C++,180,19,161,96,4,92,1131,13,92,56,The turtlebot stack provides all the basic drivers for running and using a TurtleBot.,https://github.com/turtlebot/turtlebot,Ivano,1,YES,,FULL_SYSTEM,Ground,,,FULL,,,NO,,
turtlebot/turtlebot_interactions,github,indigo,14,0,C++,6,2,4,2,1,1,140,3,3,11,User side interactions for working with a turtlebot.,https://github.com/turtlebot/turtlebot_interactions,Ivano,1,YES,,SUBSYSTEM,Ground,,,DevSupport,,,NO,,
tuw-robotics/tuw_marker_detection,github,melodic,11,0,C++,2,2,0,1,0,1,120,4,7,6,,https://github.com/tuw-robotics/tuw_marker_detection,Ivano,1,YES,,SUBSYSTEM,GEN,,,Vision,,,NO,,
tuw-robotics/tuw_multi_robot,github,master,22,0,C++,4,3,1,4,1,3,265,6,0,15,,https://github.com/tuw-robotics/tuw_multi_robot,Ivano,1,YES,,SUBSYSTEM,GEN,,,Planning,,,YES,https://github.com/tuw-robotics/tuw_multi_robot,
UBC-Snowbots/Snowflake,github,master,62,0,C++,151,49,102,226,8,218,193,7,0,15,UBC Snowbots Codebase,https://github.com/UBC-Snowbots/Snowflake,Ivano,1,YES,,FULL_SYSTEM,Ground,,,FULL,,,NO,,
UBC-Thunderbots/Software,github,master,11,0,JavaScript,318,102,216,307,15,292,261,4,0,20,Robot Soccer Playing AI,https://github.com/UBC-Thunderbots/Software,Ivano,1,YES,,FULL_SYSTEM,Ground,,,FULL,,,NO,,
UbiquityRobotics/fiducials,github,kinetic-devel,9,0,C++,95,17,78,80,1,79,768,10,22,24,Simultaneous localization and mapping using fiducial markers.,https://github.com/UbiquityRobotics/fiducials,Ivano,1,YES,,SUBSYSTEM,Ground,,,Localization,,,NO,,
UbiquityRobotics/magni_robot,github,indigo-devel,20,0,CMake,44,13,31,47,0,47,179,5,16,7,Starting point for Magni Robots. Includes launch files and configuration.,https://github.com/UbiquityRobotics/magni_robot,Ivano,1,YES,,SUBSYSTEM,Ground,,,Base,,,NO,,
UbiquityRobotics/ubiquity_launches,github,indigo,73,0,Python,1,0,1,1,0,1,277,8,3,7,Unified ROS launch files for Ubiquity Robotics platforms.,https://github.com/UbiquityRobotics/ubiquity_launches,Ivano,1,YES,,SUBSYSTEM,Ground,,,Base,,,NO,,
udg_cirs/cola2_core,bitbucket,master,2,0,c++,1,1,0,3,3,0,506,4,,20,ROS metapackage that contains core package for the COLA2 architecture: cola2_msgs & cola2_lib.,https://bitbucket.org/udg_cirs/cola2_core,Ivano,1,YES,,SUBSYSTEM,GEN,,,Infrastructural,,,PARTIALLY,https://bitbucket.org/udg_cirs/cola2_core/wiki/Home,Component Oriented Layered-base Architecture for Autonomy (COLA2). 
uf-mil-archive/PropaGator,github,master,35,0,C,44,29,15,6,0,6,1284,17,0,30,ROS packages specific to the PropaGator robot,https://github.com/uf-mil-archive/PropaGator,Ivano,1,YES,,FULL_SYSTEM,Acquatic,,,FULL,,,NO,,Robot: http://propagator.org/?page_id=1765
uf-mil/mil_common,github,master,14,0,Python,48,21,27,153,0,153,1200,42,0,44,Common software packages for MIL repositories,https://github.com/uf-mil/mil_common,Ivano,1,YES,,SUBSYSTEM,Acquatic,Underwater,,Sensing,Planning,DevSupport,NO,,
uf-mil/NaviGator,github,master,48,0,Python,186,45,141,313,9,304,1574,76,1,45,NaviGator ASV on-board software,https://github.com/uf-mil/NaviGator,Ivano,1,YES,,FULL_SYSTEM,Acquatic,,,FULL,,,PARTIALLY,https://github.com/uf-mil/NaviGator/blob/master/docs/high_level_architecture.dot,
uf-mil/SubjuGator,github,master,33,0,C,93,19,74,308,2,306,1572,32,0,37,SubjuGator 8 on-board software,https://github.com/uf-mil/SubjuGator,Ivano,1,YES,,FULL_SYSTEM,Underwater,,,FULL,,,YES,https://github.com/uf-mil/SubjuGator/blob/master/docs/high_level_architecture.svg,
uos/calvin_robot,github,indigo_catkin,38,0,C++,1,0,1,27,0,27,360,6,2,14,,https://github.com/uos/calvin_robot,Ivano,1,YES,,FULL_SYSTEM,Service,,,FULL,,,NO,,
ut-ims-robotics/robotont,github,kinetic-devel,32,0,C++,15,3,12,17,0,17,233,6,1,11,ROS support packages for robotont - an open robot hardware platform from the University of Tartu,https://github.com/ut-ims-robotics/robotont,Ivano,1,YES,,FULL_SYSTEM,Ground,,,FULL,,,PARTIALLY,https://github.com/ut-ims-robotics/robotont,
utexas-bwi/bwi,github,master,18,0,Python,51,9,42,7,0,7,189,9,6,16,"ROS packages for building wide intelligence project, University of Texas at Austin",https://github.com/utexas-bwi/bwi,Ivano,1,YES,,SUBSYSTEM,Ground,,,Base,,,NO,,
utexas-bwi/bwi_common,github,master,28,0,C++,63,10,53,48,1,47,758,20,18,33,Common packages and data for BWI projects,https://github.com/utexas-bwi/bwi_common,Ivano,1,YES,,SUBSYSTEM,Ground,,,Mapping,Planning,DevSupport,NO,,
utexas-bwi/segbot,github,master,91,0,C++,65,15,50,45,3,42,664,11,18,25,ROS drivers for controlling Segway-based robots at the University of Texas at Austin,https://github.com/utexas-bwi/segbot,Ivano,1,YES,,SUBSYSTEM,Ground,,,Control,,,NO,,
UTNuclearRoboticsPublic/jog_arm,github,kinetic,3,0,C++,59,12,47,41,0,41,322,16,3,14,A real-time robot arm jogger.,https://github.com/UTNuclearRoboticsPublic/jog_arm,Ivano,1,YES,,SUBSYSTEM,Manu,,,Control,,,NO,,
uu-isrc-robotics/uu-isrc-robotics-pr2-pkgs,github,master,6,0,Python,0,0,0,1,0,1,198,3,0,4,"ROS packages for the PR2 of the University of Ulster, Intelligent Systems Research Centre, Cognitive Robotics Team",https://github.com/uu-isrc-robotics/uu-isrc-robotics-pr2-pkgs,Ivano,1,YES,,FULL_SYSTEM,Ground,,,FULL,,,NO,,PR2 robot
uwreact/frc_control,github,melodic-devel,1,0,C++,40,24,16,21,1,20,130,5,0,6,ROS metapackage enabling FRC teams to use ROS on their robots,https://github.com/uwreact/frc_control,Ivano,1,YES,,SUBSYSTEM,GEN,,,Infrastructural,,,NO,,
uwsailbot/boat_2018,github,master,9,0,Python,11,3,8,14,0,14,419,6,0,11,2018 ROS Architecture,https://github.com/uwsailbot/boat_2018,Ivano,1,YES,,FULL_SYSTEM,Acquatic,,,FULL,,,PARTIALLY,https://docs.google.com/spreadsheets/d/e/2PACX-1vRJPwn2XdzYAXsQpauvrPZ5q93W5B0C67GXXE5j3xL2SomwScCGoXGPIHMnfCvfF4DZ18LwXwg1yf4g/pubhtml,
vortexntnu/rov-control,github,master,15,0,C++,23,13,10,55,0,55,1314,7,0,27,Complete control system for Vortex' ROV,https://github.com/vortexntnu/rov-control,Ivano,1,YES,,FULL_SYSTEM,Underwater,,,FULL,,,NO,,
warp1337/opencv_facerecognizer,github,master,2,0,Python,0,0,0,0,0,0,202,4,2,2,Distributed Face Detection and Recognition Pipeline including ROS/RSB Middleware Support,https://github.com/warp1337/opencv_facerecognizer,Ivano,1,YES,,SUBSYSTEM,GEN,,,Vision,,,NO,,Distributed face recognition
wg-perception/object_recognition_ros,github,master,6,0,Python,18,7,11,8,2,6,171,4,28,9,ROS components usable byt the object_recognition pipeline,https://github.com/wg-perception/object_recognition_ros,Ivano,1,YES,,SUBSYSTEM,GEN,,,Vision,,,NO,,
wg-perception/people,github,kinetic,34,0,C++,28,12,16,45,7,38,224,14,25,23,,https://github.com/wg-perception/people,Ivano,1,YES,,SUBSYSTEM,GEN,,,Vision,,,NO,,
whoenig/crazyflie_ros,github,master,24,0,C++,118,23,95,22,1,21,221,10,0,14,ROS Driver for Bitcraze Crazyflie,https://github.com/whoenig/crazyflie_ros,Ivano,1,YES,,FULL_SYSTEM,Aerial,,,FULL,,,YES,https://github.com/whoenig/crazyflie_ros,
whoidsl/ds_base,bitbucket,master,5,0,c++,0,0,0,4,4,0,275,4,,10,Base infrastructure for DSL ROS software upgrade,https://bitbucket.org/whoidsl/ds_base,Ivano,1,YES,,SUBSYSTEM,Underwater,,,Base,,,NO,,Generic base nodes
whoidsl/ds_nav,bitbucket,master,6,0,c++,0,0,0,1,1,0,258,5,,7,This repository contains ROS navigation software,https://bitbucket.org/whoidsl/ds_nav,Ivano,1,YES,,SUBSYSTEM,Underwater,,,Navigation,,,NO,,
whoidsl/ds_sensors,bitbucket,master,11,0,c++,0,0,0,1,1,0,224,5,,11,ROS package for many (but not all) sensors used within the Deep Submergence ecosystem.,https://bitbucket.org/whoidsl/ds_sensors,Ivano,1,YES,,SUBSYSTEM,Underwater,,,Sensing,,,NO,,
xaxxontech/oculusprime_ros,github,master,14,0,Python,2,0,2,2,0,2,107,4,6,7,Official ROS packages for Oculus Prime Robot http://wiki.ros.org/oculusprime_ros,https://github.com/xaxxontech/oculusprime_ros,Ivano,1,YES,,FULL_SYSTEM,Ground,,,FULL,,,NO,,
xuefengchang/micros_swarm_framework,github,master,43,0,C++,8,2,6,2,0,2,182,6,15,6,,https://github.com/xuefengchang/micros_swarm_framework,Ivano,1,YES,,FULL_SYSTEM,Aerial,,,FULL,,,PARTIALLY,https://github.com/xuefengchang/micros_swarm_framework,
yijiangh/choreo,github,kinetic-devel,147,0,C++,109,16,93,1,0,1,595,7,1,6,Choreo: robotic motion planning platform for discrete architectural assembly,https://github.com/yijiangh/choreo,Ivano,1,YES,,SUBSYSTEM,Manu,,,Planning,,,NO,,
youbot/youbot-ros-pkg,github,master,47,0,C++,6,1,5,20,1,19,330,4,1,18,ROS stacks for the KUKA youBot,https://github.com/youbot/youbot-ros-pkg,Ivano,1,YES,,FULL_SYSTEM,Ground,Manu,,FULL,,,NO,,
yujinrobot/kobuki,github,devel,26,0,C++,339,29,310,57,1,56,1365,19,50,28,Software for iClebo Kobuki,https://github.com/yujinrobot/kobuki,Ivano,1,YES,,FULL_SYSTEM,Ground,,,FULL,,,NO,,Variation of Turtlebot
yujinrobot/yujin_ocs,github,devel,41,0,C++,84,29,55,54,4,50,438,31,41,17,Yujin Robot's open-source control libraries,https://github.com/yujinrobot/yujin_ocs,Ivano,1,YES,,FULL_SYSTEM,Service,,,FULL,,,NO,,